鄉鎮市區,交易標的,土地區段位置-建物區段門牌,土地移轉總面積-平方公尺,都市土地使用分區,非都市土地使用分區,非都市土地使用編定,交易年月,移轉層次,總樓層數,建物型態,主要用途,主要建材,建築完成年月,屋齡,建物移轉總面積-平方公尺,建物現況格局-房,建物現況格局-廳,建物現況格局-衛,建物現況格局-隔間,有無管理組織,總價-元,單價-每平方公尺,車位類別,車位移轉總面積-平方公尺,車位總價-元,備註,地所狀態
北區,房地(土地+建物)+車位,乾溝子段151~180地號,27.31,商,,,10512,七層,21,住宅大樓(11層含以上有電梯),住家用,鋼筋混凝土造,,0,198.9,4,2,2,有,無,23880000,167855,坡道平面,72.72,2700000,,2(資料揭露)
北區,房地(土地+建物)+車位,乾溝子段151~180地號,29.59,商,,,10511,六層,21,住宅大樓(11層含以上有電梯),住家用,鋼筋混凝土造,,0,222.98,4,2,2,有,無,28700000,173033,坡道平面,72.72,2700000,,2(資料揭露)
北屯區,房地(土地+建物)+車位,景美段1~30地號,27.31,商,,,10607,二層,15,住宅大樓(11層含以上有電梯),住家用,鋼筋混凝土造,,0,173.98,4,2,2,有,無,10400000,64991,坡道平面,29.96,1040000,,2(資料揭露)
北屯區,房地(土地+建物)+車位,景美段1~30地號,27.31,商,,,10607,四層,15,住宅大樓(11層含以上有電梯),住家用,鋼筋混凝土造,,0,173.98,4,2,2,有,無,10480000,66449,坡道平面,29.96,910000,,2(資料揭露)
北屯區,房地(土地+建物)+車位,景美段1~30地號,20.53,商,,,10606,三層,15,住宅大樓(11層含以上有電梯),住家用,鋼筋混凝土造,,0,142.06,3,2,2,有,無,8300000,66815,坡道平面,29.96,810000,,2(資料揭露)
北屯區,房地(土地+建物)+車位,景美段1~30地號,27.31,商,,,10604,五層,15,住宅大樓(11層含以上有電梯),住家用,鋼筋混凝土造,,0,173.99,4,2,2,有,無,10550000,66931,坡道平面,29.96,910000,此戶為聯名戶,2(資料揭露)
北屯區,房地(土地+建物)+車位,景美段1~30地號,27.31,商,,,10605,五層,15,住宅大樓(11層含以上有電梯),住家用,鋼筋混凝土造,,0,173.98,4,2,2,有,無,10570000,67074,坡道平面,29.96,910000,,2(資料揭露)
北屯區,房地(土地+建物)+車位,景美段1~30地號,20.53,商,,,10605,四層,15,住宅大樓(11層含以上有電梯),住家用,鋼筋混凝土造,,0,142.06,3,2,2,有,無,8450000,67261,坡道平面,29.96,910000,,2(資料揭露)
北屯區,房地(土地+建物)+車位,景美段1~30地號,27.31,商,,,10608,三層,15,住宅大樓(11層含以上有電梯),住家用,鋼筋混凝土造,,0,173.98,4,2,2,有,無,10500000,67282,坡道平面,29.96,810000,,2(資料揭露)
北屯區,房地(土地+建物)+車位,景美段1~30地號,20.34,商,,,10606,四層,15,住宅大樓(11層含以上有電梯),住家用,鋼筋混凝土造,,0,144.21,3,2,2,有,無,8500000,67309,坡道平面,29.96,810000,此戶為聯名戶,2(資料揭露)
北屯區,房地(土地+建物)+車位,景美段1~30地號,20.34,商,,,10606,三層,15,住宅大樓(11層含以上有電梯),住家用,鋼筋混凝土造,,0,144.21,3,2,2,有,無,8620000,67484,坡道平面,29.96,910000,,2(資料揭露)
北屯區,房地(土地+建物)+車位,景美段1~30地號,20.34,商,,,10604,五層,15,住宅大樓(11層含以上有電梯),住家用,鋼筋混凝土造,,0,144.21,3,2,2,有,無,8550000,67746,坡道平面,29.96,810000,,2(資料揭露)
北屯區,房地(土地+建物)+車位,景美段1~30地號,20.53,商,,,10603,五層,15,住宅大樓(11層含以上有電梯),住家用,鋼筋混凝土造,,0,142.06,3,2,2,有,無,8600000,68429,坡道平面,28.95,860000,,2(資料揭露)
北屯區,房地(土地+建物)+車位,景美段1~30地號,27.31,商,,,10606,六層,15,住宅大樓(11層含以上有電梯),住家用,鋼筋混凝土造,,0,173.98,4,2,2,有,無,10670000,68463,坡道平面,29.96,810000,,2(資料揭露)
北屯區,房地(土地+建物)+車位,景美段1~30地號,20.34,商,,,10604,六層,15,住宅大樓(11層含以上有電梯),住家用,鋼筋混凝土造,,0,144.21,3,2,2,有,無,8680000,68714,坡道平面,28.95,760000,,2(資料揭露)
北屯區,房地(土地+建物)+車位,景美段1~30地號,20.14,商,,,10603,二層,15,住宅大樓(11層含以上有電梯),住家用,鋼筋混凝土造,,0,131.97,3,2,2,有,無,7850000,69013,坡道平面,29.96,810000,,2(資料揭露)
北屯區,房地(土地+建物)+車位,景美段1~30地號,27.31,商,,,10608,二層,15,住宅大樓(11層含以上有電梯),住家用,鋼筋混凝土造,,0,173.99,4,2,2,有,無,11000000,69152,坡道平面,29.96,1040000,此戶售價包含裝潢款93萬及冷氣款12萬,5(揭露且明細顯示備註)
北屯區,房地(土地+建物)+車位,景美段1~30地號,27.31,商,,,10605,七層,15,住宅大樓(11層含以上有電梯),住家用,鋼筋混凝土造,,0,173.98,4,2,2,有,無,10900000,69365,坡道平面,29.96,910000,,2(資料揭露)
北屯區,房地(土地+建物)+車位,景美段1~30地號,20.14,商,,,10607,三層,15,住宅大樓(11層含以上有電梯),住家用,鋼筋混凝土造,,0,135.18,3,2,2,有,無,8250000,69759,坡道平面,29.96,910000,,2(資料揭露)
北屯區,房地(土地+建物)+車位,景美段1~30地號,27.31,商,,,10607,八層,15,住宅大樓(11層含以上有電梯),住家用,鋼筋混凝土造,,0,173.99,4,2,2,有,無,10980000,69916,坡道平面,29.96,910000,,2(資料揭露)
北屯區,房地(土地+建物)+車位,景美段1~30地號,20.53,商,,,10603,六層,15,住宅大樓(11層含以上有電梯),住家用,鋼筋混凝土造,,0,142.06,3,2,2,有,無,8800000,70384,坡道平面,29.96,910000,,2(資料揭露)
北屯區,房地(土地+建物)+車位,景美段1~30地號,20.14,商,,,10605,三層,15,住宅大樓(11層含以上有電梯),住家用,鋼筋混凝土造,,0,131.97,3,2,2,有,無,8000000,70483,坡道平面,29.96,810000,,2(資料揭露)
北屯區,房地(土地+建物)+車位,景美段1~30地號,20.14,商,,,10605,四層,15,住宅大樓(11層含以上有電梯),住家用,鋼筋混凝土造,,0,131.97,3,2,2,有,無,8000000,70483,坡道平面,29.96,810000,,2(資料揭露)
北屯區,房地(土地+建物)+車位,景美段1~30地號,27.31,商,,,10605,十一層,15,住宅大樓(11層含以上有電梯),住家用,鋼筋混凝土造,,0,173.98,4,2,2,有,無,10980000,70615,坡道平面,29.96,810000,,2(資料揭露)
北屯區,房地(土地+建物)+車位,景美段1~30地號,20.34,商,,,10204,七層,15,住宅大樓(11層含以上有電梯),住家用,鋼筋混凝土造,,0,144.21,3,2,2,有,無,8880000,70635,坡道平面,29.96,810000,,2(資料揭露)
北屯區,房地(土地+建物)+車位,景美段1~30地號,27.31,商,,,10606,十五層,15,住宅大樓(11層含以上有電梯),住家用,鋼筋混凝土造,,0,173.98,4,2,2,有,無,11250000,70893,坡道平面,29.96,1040000,此戶為聯名戶,2(資料揭露)
北屯區,房地(土地+建物)+車位,景美段1~30地號,27.31,商,,,10606,十三層,15,住宅大樓(11層含以上有電梯),住家用,鋼筋混凝土造,,0,173.99,4,2,2,有,無,11130000,70957,坡道平面,29.96,910000,,2(資料揭露)
北屯區,房地(土地+建物)+車位,景美段1~30地號,20.34,商,,,10604,十五層,15,住宅大樓(11層含以上有電梯),住家用,鋼筋混凝土造,,0,144.21,3,2,2,有,無,8920000,70985,坡道平面,29.96,810000,,2(資料揭露)
北屯區,房地(土地+建物)+車位,景美段1~30地號,20.14,商,,,10608,四層,15,住宅大樓(11層含以上有電梯),住家用,鋼筋混凝土造,,0,135.18,3,2,2,有,無,8300000,71184,坡道平面,29.96,810000,,2(資料揭露)
北屯區,房地(土地+建物)+車位,景美段1~30地號,27.31,商,,,10607,十二層,15,住宅大樓(11層含以上有電梯),住家用,鋼筋混凝土造,,0,173.98,4,2,2,有,無,11300000,71240,坡道平面,29.96,1040000,,2(資料揭露)
北屯區,房地(土地+建物)+車位,景美段1~30地號,20.34,商,,,10604,八層,15,住宅大樓(11層含以上有電梯),住家用,鋼筋混凝土造,,0,144.21,3,2,2,有,無,9050000,71247,坡道平面,29.96,910000,,2(資料揭露)
北屯區,房地(土地+建物)+車位,景美段1~30地號,20.53,商,,,10604,十二層,15,住宅大樓(11層含以上有電梯),住家用,鋼筋混凝土造,,0,142.06,3,2,2,有,無,8800000,71276,坡道平面,29.96,810000,此為聯名戶,2(資料揭露)
北屯區,房地(土地+建物)+車位,景美段1~30地號,20.53,商,,,10604,十五層,15,住宅大樓(11層含以上有電梯),住家用,鋼筋混凝土造,,0,142.06,3,2,2,有,無,8800000,71276,坡道平面,29.96,810000,,2(資料揭露)
北屯區,房地(土地+建物)+車位,景美段1~30地號,20.53,商,,,10603,七層,15,住宅大樓(11層含以上有電梯),住家用,鋼筋混凝土造,,0,142.06,3,2,2,有,無,8900000,71276,坡道平面,29.96,910000,,2(資料揭露)
北屯區,房地(土地+建物)+車位,景美段1~30地號,20.53,商,,,10604,八層,15,住宅大樓(11層含以上有電梯),住家用,鋼筋混凝土造,,0,142.06,3,2,2,有,無,8800000,71276,坡道平面,29.96,810000,,2(資料揭露)
北屯區,房地(土地+建物)+車位,景美段1~30地號,20.14,商,,,10604,六層,15,住宅大樓(11層含以上有電梯),住家用,鋼筋混凝土造,,0,135.18,3,2,2,有,無,8350000,71659,坡道平面,29.96,810000,,2(資料揭露)
北屯區,房地(土地+建物)+車位,景美段1~30地號,20.34,商,,,10603,十三層,15,住宅大樓(11層含以上有電梯),住家用,鋼筋混凝土造,,0,144.21,3,2,2,有,無,9000000,71685,坡道平面,29.96,810000,,2(資料揭露)
北屯區,房地(土地+建物)+車位,景美段1~30地號,20.53,商,,,10603,十層,15,住宅大樓(11層含以上有電梯),住家用,鋼筋混凝土造,,0,142.06,3,2,2,有,無,8850000,71722,坡道平面,29.96,810000,,2(資料揭露)
北屯區,房地(土地+建物)+車位,景美段1~30地號,20.53,商,,,10604,十一層,15,住宅大樓(11層含以上有電梯),住家用,鋼筋混凝土造,,0,142.06,3,2,2,有,無,8950000,71722,坡道平面,29.96,910000,,2(資料揭露)
北屯區,房地(土地+建物)+車位,景美段1~30地號,20.53,商,,,10604,九層,15,住宅大樓(11層含以上有電梯),住家用,鋼筋混凝土造,,0,142.06,3,2,2,有,無,8860000,71811,坡道平面,29.96,810000,,2(資料揭露)
北屯區,房地(土地+建物)+車位,景美段1~30地號,27.31,商,,,10608,十層,15,住宅大樓(11層含以上有電梯),住家用,鋼筋混凝土造,,0,173.98,4,2,2,有,無,11260000,71865,坡道平面,29.96,910000,,2(資料揭露)
北屯區,房地(土地+建物)+車位,景美段1~30地號,27.31,商,,,10607,十二層,15,住宅大樓(11層含以上有電梯),住家用,鋼筋混凝土造,,0,173.99,4,2,2,有,無,11420000,72068,坡道平面,29.96,1040000,,2(資料揭露)
北屯區,房地(土地+建物)+車位,景美段1~30地號,20.53,商,,,10604,十三層,15,住宅大樓(11層含以上有電梯),住家用,鋼筋混凝土造,,0,142.06,3,2,2,有,無,8990000,72079,坡道平面,29.96,910000,,2(資料揭露)
北屯區,房地(土地+建物)+車位,景美段1~30地號,20.14,商,,,10605,十五層,15,住宅大樓(11層含以上有電梯),住家用,鋼筋混凝土造,,0,135.18,3,2,2,有,無,8420000,72325,坡道平面,29.96,810000,此戶為聯名戶,2(資料揭露)
北屯區,房地(土地+建物)+車位,景美段1~30地號,20.53,商,,,10605,十四層,15,住宅大樓(11層含以上有電梯),住家用,鋼筋混凝土造,,0,142.06,3,2,2,有,無,9020000,72346,坡道平面,29.96,910000,此為聯名戶,2(資料揭露)
北屯區,房地(土地+建物)+車位,景美段1~30地號,20.14,商,,,10604,十一層,15,住宅大樓(11層含以上有電梯),住家用,鋼筋混凝土造,,0,135.18,3,2,2,有,無,8530000,72420,坡道平面,29.96,910000,,2(資料揭露)
北屯區,房地(土地+建物)+車位,景美段1~30地號,20.34,商,,,10607,十一層,15,住宅大樓(11層含以上有電梯),住家用,鋼筋混凝土造,,0,144.21,3,2,2,有,無,9200000,72560,坡道平面,29.96,910000,,2(資料揭露)
北屯區,房地(土地+建物)+車位,景美段1~30地號,20.34,商,,,10606,九層,15,住宅大樓(11層含以上有電梯),住家用,鋼筋混凝土造,,0,144.21,3,2,2,有,無,9100000,72560,坡道平面,29.96,810000,,2(資料揭露)
北屯區,房地(土地+建物)+車位,景美段1~30地號,20.14,商,,,10607,五層,15,住宅大樓(11層含以上有電梯),住家用,鋼筋混凝土造,,0,135.18,3,2,2,有,無,8550000,72610,坡道平面,29.96,910000,,2(資料揭露)
北屯區,房地(土地+建物)+車位,景美段1~30地號,27.31,商,,,10608,十四層,15,住宅大樓(11層含以上有電梯),住家用,鋼筋混凝土造,,0,173.99,4,2,2,有,無,11500000,72624,坡道平面,29.96,1040000,,2(資料揭露)
北屯區,房地(土地+建物)+車位,景美段1~30地號,27.31,商,,,10608,十四層,15,住宅大樓(11層含以上有電梯),住家用,鋼筋混凝土造,,0,173.98,4,2,2,有,無,11500000,72629,坡道平面,29.96,1040000,,2(資料揭露)
北屯區,房地(土地+建物)+車位,景美段1~30地號,20.14,商,,,10605,七層,15,住宅大樓(11層含以上有電梯),住家用,鋼筋混凝土造,,0,135.18,3,2,2,有,無,8470000,72800,坡道平面,29.96,810000,,2(資料揭露)
北屯區,房地(土地+建物)+車位,景美段1~30地號,20.14,商,,,10608,五層,15,住宅大樓(11層含以上有電梯),住家用,鋼筋混凝土造,,0,131.97,3,2,2,有,無,8500000,72898,坡道平面,28.95,990000,,2(資料揭露)
北屯區,房地(土地+建物)+車位,景美段1~30地號,20.14,商,,,10604,六層,15,住宅大樓(11層含以上有電梯),住家用,鋼筋混凝土造,,0,131.97,3,2,2,有,無,8200000,72934,坡道平面,29.96,760000,,2(資料揭露)
北屯區,房地(土地+建物)+車位,景美段1~30地號,20.34,商,,,10607,十層,15,住宅大樓(11層含以上有電梯),住家用,鋼筋混凝土造,,0,144.21,3,2,2,有,無,9150000,72998,坡道平面,29.96,810000,,2(資料揭露)
北屯區,房地(土地+建物)+車位,景美段1~30地號,20.14,商,,,10604,十層,15,住宅大樓(11層含以上有電梯),住家用,鋼筋混凝土造,,0,135.18,3,2,2,有,無,8600000,73085,坡道平面,29.96,910000,,2(資料揭露)
北屯區,房地(土地+建物)+車位,景美段1~30地號,20.34,商,,,10608,十四層,15,住宅大樓(11層含以上有電梯),住家用,鋼筋混凝土造,,0,144.21,3,2,2,有,無,9300000,73226,坡道平面,28.95,860000,此戶為聯名戶,2(資料揭露)
北屯區,房地(土地+建物)+車位,景美段1~30地號,20.14,商,,,10606,十二層,15,住宅大樓(11層含以上有電梯),住家用,鋼筋混凝土造,,0,135.18,3,2,2,有,無,8620000,73275,坡道平面,29.96,910000,,2(資料揭露)
北屯區,房地(土地+建物)+車位,景美段1~30地號,20.34,商,,,10608,二層,15,住宅大樓(11層含以上有電梯),住家用,鋼筋混凝土造,,0,144.21,3,2,2,有,無,9300000,73435,坡道平面,29.96,910000,此戶售價包含裝潢款76萬及冷氣款14萬,5(揭露且明細顯示備註)
北屯區,房地(土地+建物)+車位,景美段1~30地號,20.34,商,,,10607,十二層,15,住宅大樓(11層含以上有電梯),住家用,鋼筋混凝土造,,0,144.21,3,2,2,有,無,9330000,73698,坡道平面,29.96,910000,,2(資料揭露)
北屯區,房地(土地+建物)+車位,景美段1~30地號,20.14,商,,,10607,十四層,15,住宅大樓(11層含以上有電梯),住家用,鋼筋混凝土造,,0,135.18,3,2,2,有,無,8800000,73750,坡道平面,29.96,1040000,,2(資料揭露)
北屯區,房地(土地+建物)+車位,景美段1~30地號,20.14,商,,,10606,八層,15,住宅大樓(11層含以上有電梯),住家用,鋼筋混凝土造,,0,135.18,3,2,2,有,無,8680000,73845,坡道平面,29.96,910000,,2(資料揭露)
北屯區,房地(土地+建物)+車位,景美段1~30地號,20.14,商,,,10607,九層,15,住宅大樓(11層含以上有電梯),住家用,鋼筋混凝土造,,0,135.18,3,2,2,有,無,8600000,74035,坡道平面,29.96,810000,,2(資料揭露)
北屯區,房地(土地+建物)+車位,景美段1~30地號,20.14,商,,,10605,八層,15,住宅大樓(11層含以上有電梯),住家用,鋼筋混凝土造,,0,131.97,3,2,2,有,無,8600000,74110,坡道平面,29.96,1040000,,2(資料揭露)
北屯區,房地(土地+建物)+車位,景美段1~30地號,20.14,商,,,10605,九層,15,住宅大樓(11層含以上有電梯),住家用,鋼筋混凝土造,,0,131.97,3,2,2,有,無,8380000,74208,坡道平面,29.96,810000,此為聯名戶,2(資料揭露)
北屯區,房地(土地+建物)+車位,景美段1~30地號,20.14,商,,,10606,十五層,15,住宅大樓(11層含以上有電梯),住家用,鋼筋混凝土造,,0,131.97,3,2,2,有,無,8410000,74502,坡道平面,29.96,810000,,2(資料揭露)
北屯區,房地(土地+建物)+車位,景美段1~30地號,20.14,商,,,10607,七層,15,住宅大樓(11層含以上有電梯),住家用,鋼筋混凝土造,,0,131.97,3,2,2,有,無,8520000,74601,坡道平面,29.96,910000,,2(資料揭露)
北屯區,房地(土地+建物)+車位,景美段1~30地號,20.14,商,,,10605,十層,15,住宅大樓(11層含以上有電梯),住家用,鋼筋混凝土造,,0,131.97,3,2,2,有,無,8550000,74895,坡道平面,29.96,910000,,2(資料揭露)
北屯區,房地(土地+建物)+車位,景美段1~30地號,20.14,商,,,10607,十三層,15,住宅大樓(11層含以上有電梯),住家用,鋼筋混凝土造,,0,135.18,3,2,2,有,無,8700000,74986,坡道平面,29.96,810000,,2(資料揭露)
北屯區,房地(土地+建物)+車位,景美段1~30地號,20.14,商,,,10606,十一層,15,住宅大樓(11層含以上有電梯),住家用,鋼筋混凝土造,,0,131.97,3,2,2,有,無,8500000,75385,坡道平面,29.96,810000,,2(資料揭露)
北屯區,房地(土地+建物)+車位,景美段1~30地號,20.14,商,,,10608,十二層,15,住宅大樓(11層含以上有電梯),住家用,鋼筋混凝土造,,0,131.97,3,2,2,有,無,8500000,75385,坡道平面,29.96,810000,,2(資料揭露)
北屯區,房地(土地+建物)+車位,景美段1~30地號,20.14,商,,,10606,十三層,15,住宅大樓(11層含以上有電梯),住家用,鋼筋混凝土造,,0,131.97,3,2,2,有,無,8520000,75581,坡道平面,29.96,810000,此戶為聯名戶,2(資料揭露)
北屯區,房地(土地+建物)+車位,景美段1~30地號,20.14,商,,,10607,十四層,15,住宅大樓(11層含以上有電梯),住家用,鋼筋混凝土造,,0,131.97,3,2,2,有,無,8600000,76365,坡道平面,29.96,810000,,2(資料揭露)
北屯區,房地(土地+建物)+車位,景美段1~30地號,20.53,商,,,10605,二層,15,住宅大樓(11層含以上有電梯),住家用,鋼筋混凝土造,,0,142.06,3,2,2,有,無,9500000,77520,坡道平面,29.96,810000,此戶售價包含裝潢款105萬及冷氣款12萬，此戶為聯名戶,5(揭露且明細顯示備註)
北屯區,房地(土地+建物)+車位,景美段1~30地號,20.14,商,,,10608,二層,15,住宅大樓(11層含以上有電梯),住家用,鋼筋混凝土造,,0,135.18,3,2,2,有,無,9000000,77837,坡道平面,29.96,810000,此戶售價包含裝潢款76萬及冷氣款21萬,5(揭露且明細顯示備註)
北屯區,房地(土地+建物)+車位,景美段1~30地號,20.34,商,,,10606,一層,15,住宅大樓(11層含以上有電梯),住家用,鋼筋混凝土造,,0,137.92,0,0,0,無,無,9480000,78640,坡道平面,29.96,990000,,2(資料揭露)
北屯區,房地(土地+建物)+車位,景美段1~30地號,20.34,商,,,10608,一層,15,住宅大樓(11層含以上有電梯),見使用執照,鋼筋混凝土造,,0,138.05,3,2,2,有,無,9630000,79471,坡道平面,29.96,1040000,,2(資料揭露)
北屯區,房地(土地+建物)+車位,景美段1~30地號,27.51,商,,,10606,四層,15,住宅大樓(11層含以上有電梯),住家用,鋼筋混凝土造,,0,173.99,4,2,2,有,無,10760000,80126,坡道平面,59.92,1620000,,2(資料揭露)
北屯區,房地(土地+建物)+車位,景美段1~30地號,27.51,商,,,10605,三層,15,住宅大樓(11層含以上有電梯),住家用,鋼筋混凝土造,,0,173.99,4,2,2,有,無,11200000,81091,坡道平面,59.92,1950000,,2(資料揭露)
北屯區,房地(土地+建物)+車位,景美段1~30地號,27.51,商,,,10604,六層,15,住宅大樓(11層含以上有電梯),住家用,鋼筋混凝土造,,0,173.99,4,2,2,有,無,11800000,87490,坡道平面,59.92,1820000,,2(資料揭露)
北屯區,房地(土地+建物)+車位,景美段1~30地號,27.51,商,,,10603,七層,15,住宅大樓(11層含以上有電梯),住家用,鋼筋混凝土造,,0,173.98,4,2,2,有,無,12100000,87512,坡道平面,58.91,2030000,,2(資料揭露)
北屯區,房地(土地+建物)+車位,景美段1~30地號,27.51,商,,,10604,九層,15,住宅大樓(11層含以上有電梯),住家用,鋼筋混凝土造,,0,173.99,4,2,2,有,無,12000000,89243,坡道平面,59.92,1820000,此戶為聯名戶,2(資料揭露)
北屯區,房地(土地+建物)+車位,景美段1~30地號,27.51,商,,,10605,十一層,15,住宅大樓(11層含以上有電梯),住家用,鋼筋混凝土造,,0,173.99,4,2,2,有,無,12000000,89243,坡道平面,59.92,1820000,,2(資料揭露)
北屯區,房地(土地+建物)+車位,景美段1~30地號,27.51,商,,,10604,十層,15,住宅大樓(11層含以上有電梯),住家用,鋼筋混凝土造,,0,173.99,4,2,2,有,無,12000000,89243,坡道平面,59.92,1820000,,2(資料揭露)
北屯區,房地(土地+建物)+車位,景美段1~30地號,27.51,商,,,10606,十五層,15,住宅大樓(11層含以上有電梯),住家用,鋼筋混凝土造,,0,173.98,4,2,2,有,無,12300000,89602,坡道平面,59.92,2080000,,2(資料揭露)
北屯區,房地(土地+建物)+車位,景美段1~30地號,27.51,商,,,10606,九層,15,住宅大樓(11層含以上有電梯),住家用,鋼筋混凝土造,,0,173.98,4,2,2,有,無,12350000,90040,坡道平面,59.92,2080000,,2(資料揭露)
北屯區,房地(土地+建物)+車位,景美段1~30地號,27.51,商,,,10606,八層,15,住宅大樓(11層含以上有電梯),住家用,鋼筋混凝土造,,0,173.98,4,2,2,有,無,12350000,90040,坡道平面,59.92,2080000,,2(資料揭露)
北屯區,房地(土地+建物)+車位,景美段1~30地號,27.51,商,,,10607,十三層,15,住宅大樓(11層含以上有電梯),住家用,鋼筋混凝土造,,0,173.98,4,2,2,有,無,12500000,91355,坡道平面,59.92,2080000,,2(資料揭露)
北屯區,房地(土地+建物)+車位,陳平段1921~1950地號,28.97,住,,,10604,二層,12,住宅大樓(11層含以上有電梯),住家用,鋼筋混凝土造,,0,146.22,3,2,1,有,無,12420000,96262,坡道平面,32.26,1450000,,2(資料揭露)
北屯區,房地(土地+建物)+車位,陳平段1921~1950地號,28.66,住,,,10604,七層,12,住宅大樓(11層含以上有電梯),住家用,鋼筋混凝土造,,0,146.22,3,2,1,有,無,12600000,96485,坡道機械,24.44,850000,,2(資料揭露)
北屯區,房地(土地+建物)+車位,陳平段1921~1950地號,28.97,住,,,10604,五層,12,住宅大樓(11層含以上有電梯),住家用,鋼筋混凝土造,,0,146.22,3,2,1,有,無,12610000,97490,坡道平面,32.26,1500000,,2(資料揭露)
北屯區,房地(土地+建物)+車位,陳平段1921~1950地號,28.97,住,,,10602,五層,12,住宅大樓(11層含以上有電梯),住家用,鋼筋混凝土造,,0,146.22,3,2,1,有,無,12700000,98280,坡道平面,32.26,1500000,,2(資料揭露)
北屯區,房地(土地+建物)+車位,陳平段1921~1950地號,28.97,住,,,10603,三層,12,住宅大樓(11層含以上有電梯),住家用,鋼筋混凝土造,,0,146.22,3,2,1,有,無,12920000,100211,坡道平面,32.26,1500000,,2(資料揭露)
北屯區,房地(土地+建物)+車位,陳平段1921~1950地號,28.97,住,,,10602,八層,12,住宅大樓(11層含以上有電梯),住家用,鋼筋混凝土造,,0,146.22,3,2,1,有,無,13300000,102234,坡道平面,24.44,850000,,2(資料揭露)
北屯區,房地(土地+建物)+車位,陳平段1921~1950地號,28.97,住,,,10408,八層,12,住宅大樓(11層含以上有電梯),住家用,鋼筋混凝土造,,0,146.24,3,2,1,有,無,13350000,104413,坡道平面,32.27,1450000,,2(資料揭露)
北屯區,房地(土地+建物)+車位,陳平段1921~1950地號,28.66,住,,,10406,十一層,12,住宅大樓(11層含以上有電梯),住家用,鋼筋混凝土造,,0,146.22,3,2,1,有,無,13380000,105125,坡道平面,32.26,1400000,,2(資料揭露)
北屯區,房地(土地+建物)+車位,陳平段1921~1950地號,28.66,住,,,10602,十二層,12,住宅大樓(11層含以上有電梯),住家用,鋼筋混凝土造,,0,146.22,3,2,1,有,無,13430000,105125,坡道平面,32.26,1450000,,2(資料揭露)
北屯區,房地(土地+建物)+車位,陳平段1921~1950地號,18.69,住,,,10510,四層,12,住宅大樓(11層含以上有電梯),住家用,鋼筋混凝土造,,0,94,2,2,1,有,無,8000000,105679,坡道機械,24.45,650000,,2(資料揭露)
北屯區,房地(土地+建物)+車位,陳平段1921~1950地號,18.69,住,,,10602,三層,12,住宅大樓(11層含以上有電梯),住家用,鋼筋混凝土造,,0,93.98,2,2,1,有,無,8300000,107133,坡道機械,24.44,850000,,2(資料揭露)
北屯區,房地(土地+建物)+車位,陳平段1921~1950地號,28.66,住,,,10604,五層,12,住宅大樓(11層含以上有電梯),住家用,鋼筋混凝土造,,0,146.22,3,2,1,有,無,13660000,107143,坡道平面,32.26,1450000,,2(資料揭露)
北屯區,房地(土地+建物)+車位,陳平段1921~1950地號,28.66,住,,,10606,五層,12,住宅大樓(11層含以上有電梯),住家用,鋼筋混凝土造,,0,146.22,3,2,1,有,無,13800000,108381,坡道平面,32.27,1450000,,2(資料揭露)
北屯區,房地(土地+建物)+車位,陳平段1921~1950地號,18.69,住,,,10406,二層,12,住宅大樓(11層含以上有電梯),住家用,鋼筋混凝土造,,0,94,2,2,1,有,無,8200000,108555,坡道機械,24.45,650000,,2(資料揭露)
北屯區,房地(土地+建物)+車位,陳平段1921~1950地號,28.97,住,,,10602,六層,12,住宅大樓(11層含以上有電梯),住家用,鋼筋混凝土造,,0,146.22,3,2,1,有,無,13840000,108722,坡道平面,32.26,1450000,,2(資料揭露)
北屯區,房地(土地+建物)+車位,陳平段1921~1950地號,28.66,住,,,10512,八層,12,住宅大樓(11層含以上有電梯),住家用,鋼筋混凝土造,,0,146.24,3,2,1,有,無,13910000,109327,坡道平面,32.27,1450000,,2(資料揭露)
北屯區,房地(土地+建物)+車位,陳平段1921~1950地號,28.66,住,,,10505,八層,12,住宅大樓(11層含以上有電梯),住家用,鋼筋混凝土造,,0,146.24,3,2,1,有,無,13340000,109528,坡道平面,38.14,1500000,,2(資料揭露)
北屯區,房地(土地+建物)+車位,陳平段1921~1950地號,28.97,住,,,10603,七層,12,住宅大樓(11層含以上有電梯),住家用,鋼筋混凝土造,,0,146.22,3,2,1,有,無,13940000,109600,坡道平面,32.26,1450000,,2(資料揭露)
北屯區,房地(土地+建物)+車位,陳平段1921~1950地號,28.97,住,,,10603,七層,12,住宅大樓(11層含以上有電梯),住家用,鋼筋混凝土造,,0,146.22,3,2,1,有,無,13960000,109775,坡道平面,32.26,1450000,,2(資料揭露)
北屯區,房地(土地+建物)+車位,陳平段1921~1950地號,18.69,住,,,10406,二層,12,住宅大樓(11層含以上有電梯),住家用,鋼筋混凝土造,,0,94,2,2,1,有,無,8290000,109849,坡道機械,24.45,650000,,2(資料揭露)
北屯區,房地(土地+建物)+車位,陳平段1921~1950地號,18.69,住,,,10406,四層,12,住宅大樓(11層含以上有電梯),住家用,鋼筋混凝土造,,0,94,2,2,1,有,無,8290000,109849,坡道機械,24.45,650000,,2(資料揭露)
北屯區,房地(土地+建物)+車位,陳平段1921~1950地號,18.69,住,,,10504,五層,12,住宅大樓(11層含以上有電梯),住家用,鋼筋混凝土造,,0,94,2,2,1,有,無,8340000,110568,坡道機械,24.45,650000,,2(資料揭露)
北屯區,房地(土地+建物)+車位,陳平段1921~1950地號,19.94,住,,,10508,二層,12,住宅大樓(11層含以上有電梯),住家用,鋼筋混凝土造,,0,101.86,2,2,1,有,無,9230000,110838,坡道機械,24.45,650000,,2(資料揭露)
北屯區,房地(土地+建物)+車位,陳平段1921~1950地號,19.94,住,,,10510,五層,12,住宅大樓(11層含以上有電梯),住家用,鋼筋混凝土造,,0,101.86,2,2,1,有,無,9270000,111355,坡道機械,24.45,650000,,2(資料揭露)
北屯區,房地(土地+建物)+車位,陳平段1921~1950地號,28.66,住,,,10603,九層,12,住宅大樓(11層含以上有電梯),住家用,鋼筋混凝土造,,0,146.22,3,2,1,有,無,14210000,111979,坡道平面,32.27,1450000,,2(資料揭露)
北屯區,房地(土地+建物)+車位,陳平段1921~1950地號,19.94,住,,,10603,六層,12,住宅大樓(11層含以上有電梯),住家用,鋼筋混凝土造,,0,101.85,2,2,1,有,無,9320000,112001,坡道機械,24.44,650000,,2(資料揭露)
北屯區,房地(土地+建物)+車位,陳平段1921~1950地號,18.69,住,,,10501,三層,12,住宅大樓(11層含以上有電梯),住家用,鋼筋混凝土造,,0,94,2,2,1,有,無,8450000,112150,坡道機械,24.45,650000,,2(資料揭露)
北屯區,房地(土地+建物)+車位,陳平段1921~1950地號,18.69,住,,,10408,七層,12,住宅大樓(11層含以上有電梯),住家用,鋼筋混凝土造,,0,94,2,2,1,有,無,8680000,112581,坡道機械,24.45,850000,,2(資料揭露)
北屯區,房地(土地+建物)+車位,陳平段1921~1950地號,18.69,住,,,10406,四層,12,住宅大樓(11層含以上有電梯),住家用,鋼筋混凝土造,,0,94,2,2,1,有,無,8480000,112581,坡道機械,24.45,650000,,2(資料揭露)
北屯區,房地(土地+建物)+車位,陳平段1921~1950地號,18.69,住,,,10406,二層,12,住宅大樓(11層含以上有電梯),住家用,鋼筋混凝土造,,0,94,2,2,1,有,無,8480000,112581,坡道機械,24.45,650000,,2(資料揭露)
北屯區,房地(土地+建物)+車位,陳平段1921~1950地號,18.69,住,,,10408,四層,12,住宅大樓(11層含以上有電梯),住家用,鋼筋混凝土造,,0,94,2,2,1,有,無,8680000,112581,坡道機械,24.45,850000,,2(資料揭露)
北屯區,房地(土地+建物)+車位,陳平段1921~1950地號,19.94,住,,,10510,十層,12,住宅大樓(11層含以上有電梯),住家用,鋼筋混凝土造,,0,101.86,2,2,1,有,無,9630000,113422,坡道機械,24.45,850000,,2(資料揭露)
北屯區,房地(土地+建物)+車位,陳平段1921~1950地號,19.94,住,,,10505,十一層,12,住宅大樓(11層含以上有電梯),住家用,鋼筋混凝土造,,0,101.86,2,2,1,有,無,9630000,113422,坡道機械,24.45,850000,,2(資料揭露)
北屯區,房地(土地+建物)+車位,陳平段1921~1950地號,19.94,住,,,10412,八層,12,住宅大樓(11層含以上有電梯),住家用,鋼筋混凝土造,,0,101.86,2,2,1,有,無,9650000,113680,坡道機械,24.45,850000,,2(資料揭露)
北屯區,房地(土地+建物)+車位,陳平段1921~1950地號,19.94,住,,,10512,六層,12,住宅大樓(11層含以上有電梯),住家用,鋼筋混凝土造,,0,101.85,2,2,1,有,無,9650000,113695,坡道機械,24.45,850000,,2(資料揭露)
北屯區,房地(土地+建物)+車位,陳平段1921~1950地號,18.69,住,,,10407,七層,12,住宅大樓(11層含以上有電梯),住家用,鋼筋混凝土造,,0,94,2,2,1,有,無,8760000,113731,坡道機械,24.45,850000,,2(資料揭露)
北屯區,房地(土地+建物)+車位,陳平段1921~1950地號,19.94,住,,,10604,八層,12,住宅大樓(11層含以上有電梯),住家用,鋼筋混凝土造,,0,101.85,2,2,1,有,無,9670000,113939,坡道機械,24.44,850000,,2(資料揭露)
北屯區,房地(土地+建物)+車位,陳平段1921~1950地號,18.69,住,,,10407,三層,12,住宅大樓(11層含以上有電梯),住家用,鋼筋混凝土造,,0,94,2,2,1,有,無,8800000,114306,坡道機械,24.45,850000,,2(資料揭露)
北屯區,房地(土地+建物)+車位,陳平段1921~1950地號,19.94,住,,,10512,九層,12,住宅大樓(11層含以上有電梯),住家用,鋼筋混凝土造,,0,101.86,2,2,1,有,無,9500000,114326,坡道機械,24.45,650000,,2(資料揭露)
北屯區,房地(土地+建物)+車位,陳平段1921~1950地號,19.94,住,,,10505,九層,12,住宅大樓(11層含以上有電梯),住家用,鋼筋混凝土造,,0,101.86,2,2,1,有,無,9630000,114342,坡道平面,30.32,1450000,,2(資料揭露)
北屯區,房地(土地+建物)+車位,陳平段1921~1950地號,18.69,住,,,10406,五層,12,住宅大樓(11層含以上有電梯),住家用,鋼筋混凝土造,,0,94,2,2,1,有,無,8630000,114738,坡道機械,24.45,650000,,2(資料揭露)
北屯區,房地(土地+建物)+車位,陳平段1921~1950地號,18.69,住,,,10409,八層,12,住宅大樓(11層含以上有電梯),住家用,鋼筋混凝土造,,0,94,2,2,1,有,無,8830000,114738,坡道機械,24.45,850000,,2(資料揭露)
北屯區,房地(土地+建物)+車位,陳平段1921~1950地號,18.69,住,,,10407,七層,12,住宅大樓(11層含以上有電梯),住家用,鋼筋混凝土造,,0,94,2,2,1,有,無,8910000,115888,坡道機械,24.45,850000,,2(資料揭露)
北屯區,房地(土地+建物)+車位,陳平段1921~1950地號,19.94,住,,,10606,五層,12,住宅大樓(11層含以上有電梯),住家用,鋼筋混凝土造,,0,101.85,2,2,1,有,無,9700000,116910,坡道機械,24.44,650000,,2(資料揭露)
北屯區,房地(土地+建物)+車位,陳平段1921~1950地號,18.69,住,,,10409,十二層,12,住宅大樓(11層含以上有電梯),住家用,鋼筋混凝土造,,0,94,2,2,1,有,無,9050000,117901,坡道機械,24.45,850000,,2(資料揭露)
北屯區,房地(土地+建物)+車位,陳平段1921~1950地號,18.69,住,,,10406,八層,12,住宅大樓(11層含以上有電梯),住家用,鋼筋混凝土造,,0,94,2,2,1,有,無,8900000,118620,坡道機械,24.45,650000,,2(資料揭露)
北屯區,房地(土地+建物)+車位,陳平段1921~1950地號,19.94,住,,,10511,五層,12,住宅大樓(11層含以上有電梯),住家用,鋼筋混凝土造,,0,101.86,2,2,1,有,無,9900000,118815,坡道平面,30.32,1400000,,2(資料揭露)
北屯區,房地(土地+建物)+車位,陳平段1921~1950地號,19.94,住,,,10410,十一層,12,住宅大樓(11層含以上有電梯),住家用,鋼筋混凝土造,,0,101.86,2,2,1,有,無,9830000,119701,坡道平面,32.27,1500000,,2(資料揭露)
北屯區,房地(土地+建物)+車位,陳平段1921~1950地號,18.69,住,,,10406,十二層,12,住宅大樓(11層含以上有電梯),住家用,鋼筋混凝土造,,0,94,2,2,1,有,無,9190000,119914,坡道機械,24.45,850000,,2(資料揭露)
北屯區,房地(土地+建物)+車位,陳平段1921~1950地號,19.94,住,,,10406,四層,12,住宅大樓(11層含以上有電梯),住家用,鋼筋混凝土造,,0,101.86,2,2,1,有,無,9930000,119933,坡道平面,30.32,1350000,,2(資料揭露)
北屯區,房地(土地+建物)+車位,陳平段1921~1950地號,18.69,住,,,10410,十二層,12,住宅大樓(11層含以上有電梯),住家用,鋼筋混凝土造,,0,94,2,2,1,有,無,9000000,120058,坡道機械,24.45,650000,,2(資料揭露)
北屯區,房地(土地+建物)+車位,陳平段1921~1950地號,18.69,住,,,10503,十一層,12,住宅大樓(11層含以上有電梯),住家用,鋼筋混凝土造,,0,94,2,2,1,有,無,9050000,120776,坡道機械,24.45,650000,,2(資料揭露)
北屯區,房地(土地+建物)+車位,陳平段1921~1950地號,19.94,住,,,10603,七層,12,住宅大樓(11層含以上有電梯),住家用,鋼筋混凝土造,,0,101.85,2,2,1,有,無,10120000,121174,坡道平面,30.3,1450000,,2(資料揭露)
北屯區,房地(土地+建物)+車位,陳平段1921~1950地號,18.69,住,,,10410,五層,12,住宅大樓(11層含以上有電梯),住家用,鋼筋混凝土造,,0,94,2,2,1,有,無,9080000,121388,坡道平面,30.32,1350000,,2(資料揭露)
北屯區,房地(土地+建物)+車位,陳平段1921~1950地號,19.94,住,,,10411,十二層,12,住宅大樓(11層含以上有電梯),住家用,鋼筋混凝土造,,0,101.85,2,2,1,有,無,10040000,121454,坡道平面,30.3,1350000,,2(資料揭露)
北屯區,房地(土地+建物)+車位,陳平段1921~1950地號,19.94,住,,,10511,七層,12,住宅大樓(11層含以上有電梯),住家用,鋼筋混凝土造,,0,101.86,2,2,1,有,無,9990000,123437,坡道平面,32.27,1400000,,2(資料揭露)
北屯區,房地(土地+建物)+車位,陳平段1921~1950地號,18.69,住,,,10406,六層,12,住宅大樓(11層含以上有電梯),住家用,鋼筋混凝土造,,0,94,2,2,1,有,無,9230000,123744,坡道平面,30.32,1350000,,2(資料揭露)
北屯區,房地(土地+建物)+車位,陳平段1921~1950地號,19.94,住,,,10505,六層,12,住宅大樓(11層含以上有電梯),住家用,鋼筋混凝土造,,0,101.86,2,2,1,有,無,10100000,124299,坡道平面,32.27,1450000,,2(資料揭露)
北屯區,房地(土地+建物)+車位,陳平段1921~1950地號,19.94,住,,,10503,六層,12,住宅大樓(11層含以上有電梯),住家用,鋼筋混凝土造,,0,101.86,2,2,1,有,無,10100000,124299,坡道平面,32.27,1450000,,2(資料揭露)
北屯區,房地(土地+建物)+車位,陳平段1921~1950地號,19.94,住,,,10407,七層,12,住宅大樓(11層含以上有電梯),住家用,鋼筋混凝土造,,0,101.86,2,2,1,有,無,10100000,124299,坡道平面,32.27,1450000,,2(資料揭露)
北屯區,房地(土地+建物)+車位,陳平段1921~1950地號,19.94,住,,,10407,五層,12,住宅大樓(11層含以上有電梯),住家用,鋼筋混凝土造,,0,101.86,2,2,1,有,無,10070000,124587,坡道平面,32.27,1400000,,2(資料揭露)
北屯區,房地(土地+建物)+車位,陳平段1921~1950地號,19.94,住,,,10407,九層,12,住宅大樓(11層含以上有電梯),住家用,鋼筋混凝土造,,0,101.86,2,2,1,有,無,10190000,125593,坡道平面,32.27,1450000,,2(資料揭露)
北屯區,房地(土地+建物)+車位,陳平段1921~1950地號,19.94,住,,,10506,十層,12,住宅大樓(11層含以上有電梯),住家用,鋼筋混凝土造,,0,101.85,2,2,1,有,無,10150000,125736,坡道平面,32.26,1400000,,2(資料揭露)
北屯區,房地(土地+建物)+車位,陳平段1921~1950地號,19.94,住,,,10504,九層,12,住宅大樓(11層含以上有電梯),住家用,鋼筋混凝土造,,0,101.86,2,2,1,有,無,10250000,126455,坡道平面,32.27,1450000,,2(資料揭露)
北屯區,房地(土地+建物)+車位,陳平段1921~1950地號,19.94,住,,,10412,十層,12,住宅大樓(11層含以上有電梯),住家用,鋼筋混凝土造,,0,101.86,2,2,1,有,無,10280000,126886,坡道平面,32.27,1450000,,2(資料揭露)
北屯區,房地(土地+建物)+車位,陳平段1921~1950地號,19.94,住,,,10406,十一層,12,住宅大樓(11層含以上有電梯),住家用,鋼筋混凝土造,,0,101.86,2,2,1,有,無,10230000,126886,坡道平面,32.27,1400000,,2(資料揭露)
北屯區,房地(土地+建物)+車位,陳平段1921~1950地號,18.69,住,,,10408,六層,12,住宅大樓(11層含以上有電梯),住家用,鋼筋混凝土造,,0,94,2,2,1,有,無,9290000,127005,坡道平面,32.27,1450000,,2(資料揭露)
北屯區,房地(土地+建物)+車位,陳平段1921~1950地號,18.69,住,,,10406,七層,12,住宅大樓(11層含以上有電梯),住家用,鋼筋混凝土造,,0,94,2,2,1,有,無,9450000,127198,坡道平面,30.32,1350000,,2(資料揭露)
北屯區,房地(土地+建物)+車位,陳平段1921~1950地號,19.94,住,,,10604,八層,12,住宅大樓(11層含以上有電梯),住家用,鋼筋混凝土造,,0,101.85,2,2,1,有,無,10320000,127461,坡道平面,32.26,1450000,,2(資料揭露)
北屯區,房地(土地+建物)+車位,陳平段1921~1950地號,20.87,住,,,10406,一層,12,住宅大樓(11層含以上有電梯),住家用,鋼筋混凝土造,,0,104.64,2,2,1,有,無,10690000,127677,坡道平面,32.27,1450000,,2(資料揭露)
北屯區,房地(土地+建物)+車位,陳平段1921~1950地號,19.94,住,,,10507,十一層,12,住宅大樓(11層含以上有電梯),住家用,鋼筋混凝土造,,0,101.86,2,2,1,有,無,10350000,127892,坡道平面,32.27,1450000,,2(資料揭露)
北屯區,房地(土地+建物)+車位,陳平段1921~1950地號,19.94,住,,,10407,十層,12,住宅大樓(11層含以上有電梯),住家用,鋼筋混凝土造,,0,101.86,2,2,1,有,無,10350000,127892,坡道平面,32.27,1450000,,2(資料揭露)
北屯區,房地(土地+建物)+車位,陳平段1921~1950地號,18.69,住,,,10408,三層,12,住宅大樓(11層含以上有電梯),住家用,鋼筋混凝土造,,0,94,2,2,1,有,無,9320000,128301,坡道平面,32.27,1400000,,2(資料揭露)
北屯區,房地(土地+建物)+車位,陳平段1921~1950地號,28.66,住,,,10507,七層,12,住宅大樓(11層含以上有電梯),住家用,鋼筋混凝土造,,0,146.24,3,2,1,有,無,13820000,129245,坡道平面,56.72,2250000,,2(資料揭露)
北屯區,房地(土地+建物)+車位,陳平段1921~1950地號,18.69,住,,,10409,十層,12,住宅大樓(11層含以上有電梯),住家用,鋼筋混凝土造,,0,94,2,1,1,有,無,9690000,130182,坡道平面,30.32,1400000,,2(資料揭露)
北屯區,房地(土地+建物)+車位,陳平段1921~1950地號,18.69,住,,,10408,十一層,12,住宅大樓(11層含以上有電梯),住家用,鋼筋混凝土造,,0,94,2,1,1,有,無,9640000,130182,坡道平面,30.32,1350000,,2(資料揭露)
北屯區,房地(土地+建物)+車位,陳平段1921~1950地號,19.94,住,,,10603,二層,12,住宅大樓(11層含以上有電梯),住家用,鋼筋混凝土造,,0,101.85,2,2,1,有,無,10600000,130766,坡道平面,32.26,1500000,,2(資料揭露)
北屯區,房地(土地+建物)+車位,陳平段1921~1950地號,18.69,住,,,10507,六層,12,住宅大樓(11層含以上有電梯),住家用,鋼筋混凝土造,,0,94,2,2,1,有,無,9530000,130893,坡道平面,32.27,1450000,,2(資料揭露)
北屯區,房地(土地+建物)+車位,陳平段1921~1950地號,18.69,住,,,10407,六層,12,住宅大樓(11層含以上有電梯),住家用,鋼筋混凝土造,,0,94,2,2,1,有,無,9560000,131379,坡道平面,32.27,1450000,,2(資料揭露)
北屯區,房地(土地+建物)+車位,陳平段1921~1950地號,18.69,住,,,10410,九層,12,住宅大樓(11層含以上有電梯),住家用,鋼筋混凝土造,,0,94,2,2,1,有,無,9520000,131541,坡道平面,32.27,1400000,,2(資料揭露)
北屯區,房地(土地+建物)+車位,景美段1~30地號,30.3,商,,,10608,一層,15,住宅大樓(11層含以上有電梯),住家用,鋼筋混凝土造,,0,166.16,0,0,0,無,無,19000000,131865,坡道平面,29.96,1040000,,2(資料揭露)
北屯區,房地(土地+建物)+車位,陳平段1921~1950地號,18.69,住,,,10406,十層,12,住宅大樓(11層含以上有電梯),住家用,鋼筋混凝土造,,0,94,2,1,1,有,無,9800000,131910,坡道平面,30.32,1400000,,2(資料揭露)
北屯區,房地(土地+建物)+車位,陳平段1921~1950地號,18.69,住,,,10411,九層,12,住宅大樓(11層含以上有電梯),住家用,鋼筋混凝土造,,0,94,2,1,1,有,無,9650000,132027,坡道平面,32.27,1500000,,2(資料揭露)
北屯區,房地(土地+建物)+車位,陳平段1921~1950地號,18.69,住,,,10406,九層,12,住宅大樓(11層含以上有電梯),住家用,鋼筋混凝土造,,0,94,2,1,1,有,無,9700000,132837,坡道平面,32.27,1500000,,2(資料揭露)
北屯區,房地(土地+建物)+車位,仁德段1021~1050地號,18.69,住,,,10412,十一層,12,住宅大樓(11層含以上有電梯),住家用,鋼筋混凝土造,,0,94,2,1,1,有,無,9710000,133787,坡道平面,32.26,1450000,,2(資料揭露)
北屯區,房地(土地+建物)+車位,陳平段1921~1950地號,18.69,住,,,10409,十層,12,住宅大樓(11層含以上有電梯),住家用,鋼筋混凝土造,,0,94,2,1,1,有,無,9660000,133809,坡道平面,32.27,1400000,,2(資料揭露)
北屯區,房地(土地+建物)+車位,陳平段1921~1950地號,28.66,住,,,10410,九層,12,住宅大樓(11層含以上有電梯),住家用,鋼筋混凝土造,,0,146.24,3,2,1,有,無,14100000,134048,坡道平面,56.72,2100000,,2(資料揭露)
北屯區,房地(土地+建物)+車位,陳平段1921~1950地號,18.69,住,,,10406,十一層,12,住宅大樓(11層含以上有電梯),住家用,鋼筋混凝土造,,0,94,2,1,1,有,無,9800000,134457,坡道平面,32.27,1500000,,2(資料揭露)
北屯區,房地(土地+建物)+車位,陳平段1921~1950地號,28.97,住,,,10602,九層,12,住宅大樓(11層含以上有電梯),住家用,鋼筋混凝土造,,0,146.22,3,2,1,有,無,14430000,137255,坡道平面,62.58,2950000,,2(資料揭露)
北屯區,房地(土地+建物)+車位,陳平段1921~1950地號,18.69,住,,,10410,九層,12,住宅大樓(11層含以上有電梯),住家用,鋼筋混凝土造,,0,93.98,2,2,1,有,無,10200000,141769,坡道平面,32.26,1450000,,2(資料揭露)
北屯區,房地(土地+建物)+車位,陳平段1921~1950地號,19.31,住,,,10408,一層,12,住宅大樓(11層含以上有電梯),住家用,鋼筋混凝土造,,0,95,2,2,1,有,無,10450000,143472,坡道平面,32.27,1450000,,2(資料揭露)
北屯區,房地(土地+建物)+車位,陳平段1921~1950地號,28.97,住,,,10604,九層,12,住宅大樓(11層含以上有電梯),住家用,鋼筋混凝土造,,0,146.22,3,2,1,有,無,14790000,145532,坡道平面,64.52,2900000,,2(資料揭露)
北屯區,房地(土地+建物)+車位,陳平段1921~1950地號,28.66,住,,,10406,十層,12,住宅大樓(11層含以上有電梯),住家用,鋼筋混凝土造,,0,146.24,3,2,1,有,無,15000000,148103,坡道平面,64.54,2900000,,2(資料揭露)
北屯區,房地(土地+建物)+車位,景美段1~30地號,19.74,商,,,10608,一層,15,住宅大樓(11層含以上有電梯),住家用,鋼筋混凝土造,,0,95.98,0,0,0,無,無,11000000,154347,坡道平面,29.96,810000,,2(資料揭露)
北屯區,房地(土地+建物)+車位,陳平段1921~1950地號,19.94,住,,,10504,七層,12,住宅大樓(11層含以上有電梯),住家用,鋼筋混凝土造,,0,101.86,2,2,1,有,無,10100000,162387,坡道機械,48.9,1500000,,2(資料揭露)
北屯區,房地(土地+建物)+車位,陳平段1921~1950地號,20.87,住,,,10411,一層,12,住宅大樓(11層含以上有電梯),住家用,鋼筋混凝土造,,0,104.64,2,2,1,有,無,10580000,162899,坡道機械,48.9,1500000,,2(資料揭露)
北屯區,房地(土地+建物)+車位,陳平段1921~1950地號,19.94,住,,,10504,八層,12,住宅大樓(11層含以上有電梯),住家用,鋼筋混凝土造,,0,101.86,2,2,1,有,無,10190000,164086,坡道機械,48.9,1500000,,2(資料揭露)
北屯區,房地(土地+建物)+車位,陳平段1921~1950地號,18.69,住,,,10407,八層,12,住宅大樓(11層含以上有電梯),住家用,鋼筋混凝土造,,0,94,2,2,1,有,無,9460000,176497,坡道機械,48.9,1500000,,2(資料揭露)
北屯區,房地(土地+建物)+車位,陳平段1921~1950地號,18.69,住,,,10408,八層,12,住宅大樓(11層含以上有電梯),住家用,鋼筋混凝土造,,0,94,2,2,1,有,無,9600000,179601,坡道機械,48.9,1500000,,2(資料揭露)
北屯區,房地(土地+建物)+車位,仁德段1021~1050地號,18.69,住,,,10406,十二層,12,住宅大樓(11層含以上有電梯),住家用,鋼筋混凝土造,,0,94,2,1,1,有,無,9650000,180710,坡道平面,48.9,1500000,,2(資料揭露)
北屯區,房地(土地+建物)+車位,陳平段1921~1950地號,28.66,住,,,10507,六層,12,住宅大樓(11層含以上有電梯),住家用,鋼筋混凝土造,,0,146.24,3,2,1,有,無,14770000,180854,坡道平面,81.16,3000000,,2(資料揭露)
北屯區,房地(土地+建物)+車位,陳平段1921~1950地號,18.69,住,,,10501,十層,12,住宅大樓(11層含以上有電梯),住家用,鋼筋混凝土造,,0,94,2,1,1,有,無,9800000,184035,坡道平面,48.9,1500000,,2(資料揭露)
太平區,房地(土地+建物)+車位,育賢段61~90地號,28.83,住,,,10603,二層,15,住宅大樓(11層含以上有電梯),住家用,鋼筋混凝土造,,0,222.07,4,2,2,有,無,9300000,46190,坡道平面,55.8,1620000,,2(資料揭露)
太平區,房地(土地+建物)+車位,育賢段61~90地號,28.13,住,,,10512,三層,15,住宅大樓(11層含以上有電梯),住家用,鋼筋混凝土造,,0,193.95,4,2,2,有,無,8520000,46733,坡道平面,27.9,760000,,2(資料揭露)
太平區,房地(土地+建物)+車位,育賢段61~90地號,28.13,住,,,10508,十五層,15,住宅大樓(11層含以上有電梯),住家用,鋼筋混凝土造,,0,193.95,4,2,2,有,無,8600000,46914,坡道平面,27.9,810000,,2(資料揭露)
太平區,房地(土地+建物)+車位,育賢段61~90地號,22.5,住,,,10509,四層,15,住宅大樓(11層含以上有電梯),住家用,鋼筋混凝土造,,0,156.27,3,2,2,有,無,6800000,47051,坡道平面,27.9,760000,,2(資料揭露)
太平區,房地(土地+建物)+車位,育賢段61~90地號,28.13,住,,,10512,四層,15,住宅大樓(11層含以上有電梯),住家用,鋼筋混凝土造,,0,193.95,4,2,2,有,無,8580000,47094,坡道平面,27.9,760000,,2(資料揭露)
太平區,房地(土地+建物)+車位,育賢段61~90地號,22.5,住,,,10508,四層,15,住宅大樓(11層含以上有電梯),住家用,鋼筋混凝土造,,0,157.14,3,2,2,有,無,6850000,47122,坡道平面,27.9,760000,,2(資料揭露)
太平區,房地(土地+建物)+車位,育賢段61~90地號,30.24,住,,,10602,四層,15,住宅大樓(11層含以上有電梯),住家用,鋼筋混凝土造,,0,225.12,4,2,2,有,無,9500000,47130,坡道平面,55.8,1520000,,2(資料揭露)
太平區,房地(土地+建物)+車位,育賢段61~90地號,29.54,住,,,10606,二層,15,住宅大樓(11層含以上有電梯),住家用,鋼筋混凝土造,,0,197.22,4,2,2,有,無,8800000,47189,坡道平面,27.9,810000,,2(資料揭露)
太平區,房地(土地+建物)+車位,育賢段61~90地號,29.54,住,,,10607,四層,15,住宅大樓(11層含以上有電梯),住家用,鋼筋混凝土造,,0,197.22,4,2,2,有,無,8800000,47189,坡道平面,27.9,810000,,2(資料揭露)
太平區,房地(土地+建物)+車位,育賢段61~90地號,22.5,住,,,10510,三層,15,住宅大樓(11層含以上有電梯),住家用,鋼筋混凝土造,,0,156.27,3,2,2,有,無,6830000,47285,坡道平面,27.9,760000,,2(資料揭露)
太平區,房地(土地+建物)+車位,育賢段61~90地號,28.13,住,,,10608,二層,15,住宅大樓(11層含以上有電梯),住家用,鋼筋混凝土造,,0,193.08,4,2,2,有,無,8700000,47463,坡道平面,27.9,860000,,2(資料揭露)
太平區,房地(土地+建物)+車位,育賢段61~90地號,28.13,住,,,10509,三層,15,住宅大樓(11層含以上有電梯),住家用,鋼筋混凝土造,,0,193.08,4,2,2,有,無,8600000,47463,坡道平面,27.9,760000,,2(資料揭露)
太平區,房地(土地+建物)+車位,育賢段61~90地號,29.54,住,,,10605,二層,15,住宅大樓(11層含以上有電梯),住家用,鋼筋混凝土造,,0,197.22,4,2,2,有,無,8900000,47484,坡道平面,27.9,860000,,2(資料揭露)
太平區,房地(土地+建物)+車位,育賢段61~90地號,22.5,住,,,10601,二層,15,住宅大樓(11層含以上有電梯),住家用,鋼筋混凝土造,,0,157.14,3,2,2,有,無,6900000,47509,坡道平面,27.9,760000,,2(資料揭露)
太平區,房地(土地+建物)+車位,育賢段61~90地號,23.91,住,,,10604,四層,15,住宅大樓(11層含以上有電梯),住家用,鋼筋混凝土造,,0,161.22,3,2,2,有,無,7100000,47555,坡道平面,27.9,760000,,2(資料揭露)
太平區,房地(土地+建物)+車位,育賢段61~90地號,22.5,住,,,10508,四層,15,住宅大樓(11層含以上有電梯),住家用,鋼筋混凝土造,,0,156.93,3,2,2,有,無,6900000,47586,坡道平面,27.9,760000,,2(資料揭露)
太平區,房地(土地+建物)+車位,育賢段61~90地號,23.21,住,,,10604,四層,15,住宅大樓(11層含以上有電梯),住家用,鋼筋混凝土造,,0,161.13,3,2,2,有,無,7150000,47587,坡道平面,27.9,810000,,2(資料揭露)
太平區,房地(土地+建物)+車位,育賢段61~90地號,22.5,住,,,10508,二層,15,住宅大樓(11層含以上有電梯),住家用,鋼筋混凝土造,,0,156.27,3,2,2,有,無,6920000,47597,坡道平面,27.9,810000,,2(資料揭露)
太平區,房地(土地+建物)+車位,育賢段61~90地號,28.13,住,,,10606,二層,15,住宅大樓(11層含以上有電梯),住家用,鋼筋混凝土造,,0,190.68,4,2,2,有,無,8580000,47712,坡道平面,25.94,720000,,2(資料揭露)
太平區,房地(土地+建物)+車位,育賢段61~90地號,28.13,住,,,10512,二層,15,住宅大樓(11層含以上有電梯),住家用,鋼筋混凝土造,,0,194.17,4,2,2,有,無,8700000,47754,坡道平面,27.9,760000,,2(資料揭露)
太平區,房地(土地+建物)+車位,育賢段61~90地號,29.54,住,,,10605,十五層,15,住宅大樓(11層含以上有電梯),住家用,鋼筋混凝土造,,0,197.22,4,2,2,有,無,8900000,47779,坡道平面,27.9,810000,,2(資料揭露)
太平區,房地(土地+建物)+車位,育賢段61~90地號,23.91,住,,,10605,十五層,15,住宅大樓(11層含以上有電梯),住家用,鋼筋混凝土造,,0,161.22,3,2,2,有,無,7130000,47780,坡道平面,27.9,760000,,2(資料揭露)
太平區,房地(土地+建物)+車位,育賢段61~90地號,22.5,住,,,10504,八層,15,住宅大樓(11層含以上有電梯),住家用,鋼筋混凝土造,,0,157.14,3,2,2,有,無,6990000,47818,坡道平面,27.9,810000,,2(資料揭露)
太平區,房地(土地+建物)+車位,育賢段61~90地號,22.5,住,,,10604,二層,15,住宅大樓(11層含以上有電梯),住家用,鋼筋混凝土造,,0,156.27,3,2,2,有,無,6900000,47830,坡道平面,27.9,760000,,2(資料揭露)
太平區,房地(土地+建物)+車位,育賢段61~90地號,28.83,住,,,10511,十三層,15,住宅大樓(11層含以上有電梯),住家用,鋼筋混凝土造,,0,221.85,4,2,2,有,無,9480000,47937,坡道平面,55.8,1520000,,2(資料揭露)
太平區,房地(土地+建物)+車位,育賢段61~90地號,23.91,住,,,10604,三層,15,住宅大樓(11層含以上有電梯),住家用,鋼筋混凝土造,,0,161.22,3,2,2,有,無,7160000,48005,坡道平面,27.9,760000,,2(資料揭露)
太平區,房地(土地+建物)+車位,育賢段61~90地號,22.5,住,,,10606,十五層,15,住宅大樓(11層含以上有電梯),住家用,鋼筋混凝土造,,0,157.14,3,2,2,有,無,7020000,48050,坡道平面,27.9,810000,,2(資料揭露)
太平區,房地(土地+建物)+車位,育賢段61~90地號,28.83,住,,,10603,五層,15,住宅大樓(11層含以上有電梯),住家用,鋼筋混凝土造,,0,221.85,4,2,2,有,無,9600000,48058,坡道平面,55.8,1620000,,2(資料揭露)
太平區,房地(土地+建物)+車位,育賢段61~90地號,28.13,住,,,10606,四層,15,住宅大樓(11層含以上有電梯),住家用,鋼筋混凝土造,,0,193.08,4,2,2,有,無,8750000,48069,坡道平面,27.9,810000,,2(資料揭露)
太平區,房地(土地+建物)+車位,育賢段61~90地號,28.13,住,,,10606,四層,15,住宅大樓(11層含以上有電梯),住家用,鋼筋混凝土造,,0,192.64,4,2,2,有,無,8680000,48076,坡道平面,27.9,760000,,2(資料揭露)
太平區,房地(土地+建物)+車位,育賢段61~90地號,23.21,住,,,10606,二層,15,住宅大樓(11層含以上有電梯),住家用,鋼筋混凝土造,,0,161.13,3,2,2,有,無,7270000,48112,坡道平面,27.9,860000,,2(資料揭露)
太平區,房地(土地+建物)+車位,育賢段61~90地號,28.13,住,,,10510,十一層,15,住宅大樓(11層含以上有電梯),住家用,鋼筋混凝土造,,0,193.95,4,2,2,有,無,8750000,48118,坡道平面,27.9,760000,,2(資料揭露)
太平區,房地(土地+建物)+車位,育賢段61~90地號,28.13,住,,,10506,七層,15,住宅大樓(11層含以上有電梯),住家用,鋼筋混凝土造,,0,193.95,4,2,2,有,無,8800000,48118,坡道平面,27.9,810000,,2(資料揭露)
太平區,房地(土地+建物)+車位,育賢段61~90地號,22.5,住,,,10411,十一層,15,住宅大樓(11層含以上有電梯),住家用,鋼筋混凝土造,,0,157.14,3,2,2,有,無,7080000,48128,坡道平面,27.9,860000,,2(資料揭露)
太平區,房地(土地+建物)+車位,育賢段61~90地號,22.5,住,,,10509,五層,15,住宅大樓(11層含以上有電梯),住家用,鋼筋混凝土造,,0,157.14,3,2,2,有,無,7000000,48282,坡道平面,27.9,760000,,2(資料揭露)
太平區,房地(土地+建物)+車位,育賢段61~90地號,22.5,住,,,10503,九層,15,住宅大樓(11層含以上有電梯),住家用,鋼筋混凝土造,,0,156.93,3,2,2,有,無,7050000,48361,坡道平面,27.9,810000,,2(資料揭露)
太平區,房地(土地+建物)+車位,育賢段61~90地號,28.13,住,,,10605,三層,15,住宅大樓(11層含以上有電梯),住家用,鋼筋混凝土造,,0,193.95,4,2,2,有,無,8800000,48419,坡道平面,27.9,760000,,2(資料揭露)
太平區,房地(土地+建物)+車位,育賢段61~90地號,29.54,住,,,10607,五層,15,住宅大樓(11層含以上有電梯),住家用,鋼筋混凝土造,,0,197.22,4,2,2,有,無,8960000,48429,坡道平面,27.9,760000,,2(資料揭露)
太平區,房地(土地+建物)+車位,育賢段61~90地號,22.5,住,,,10504,十四層,15,住宅大樓(11層含以上有電梯),住家用,鋼筋混凝土造,,0,157.14,3,2,2,有,無,7120000,48437,坡道平面,27.9,860000,,2(資料揭露)
太平區,房地(土地+建物)+車位,育賢段61~90地號,23.91,住,,,10410,四層,15,住宅大樓(11層含以上有電梯),住家用,鋼筋混凝土造,,0,158.84,3,2,2,有,無,7160000,48495,坡道平面,27.9,810000,,2(資料揭露)
太平區,房地(土地+建物)+車位,育賢段61~90地號,23.21,住,,,10606,二層,15,住宅大樓(11層含以上有電梯),住家用,鋼筋混凝土造,,0,160.26,3,2,2,有,無,7230000,48504,坡道平面,27.9,810000,,2(資料揭露)
太平區,房地(土地+建物)+車位,育賢段61~90地號,23.21,住,,,10512,十五層,15,住宅大樓(11層含以上有電梯),住家用,鋼筋混凝土造,,0,184.17,3,2,2,有,無,7850000,48532,坡道平面,55.8,1620000,,2(資料揭露)
太平區,房地(土地+建物)+車位,育賢段61~90地號,29.54,住,,,10506,八層,15,住宅大樓(11層含以上有電梯),住家用,鋼筋混凝土造,,0,197.22,4,2,2,有,無,8980000,48547,坡道平面,27.9,760000,,2(資料揭露)
太平區,房地(土地+建物)+車位,育賢段61~90地號,28.83,住,,,10606,十五層,15,住宅大樓(11層含以上有電梯),住家用,鋼筋混凝土造,,0,220.54,4,2,2,有,無,9720000,48561,坡道平面,55.8,1720000,,2(資料揭露)
太平區,房地(土地+建物)+車位,育賢段61~90地號,22.5,住,,,10507,七層,15,住宅大樓(11層含以上有電梯),住家用,鋼筋混凝土造,,0,157.14,3,2,2,有,無,7050000,48669,坡道平面,27.9,760000,,2(資料揭露)
太平區,房地(土地+建物)+車位,育賢段61~90地號,23.91,住,,,10411,十二層,15,住宅大樓(11層含以上有電梯),住家用,鋼筋混凝土造,,0,159.26,3,2,2,有,無,7210000,48680,坡道平面,25.94,720000,,2(資料揭露)
太平區,房地(土地+建物)+車位,育賢段61~90地號,23.21,住,,,10603,五層,15,住宅大樓(11層含以上有電梯),住家用,鋼筋混凝土造,,0,161.13,3,2,2,有,無,7250000,48713,坡道平面,27.9,760000,,2(資料揭露)
太平區,房地(土地+建物)+車位,育賢段61~90地號,28.13,住,,,10603,九層,15,住宅大樓(11層含以上有電梯),住家用,鋼筋混凝土造,,0,193.95,4,2,2,有,無,8950000,48720,坡道平面,27.9,860000,,2(資料揭露)
太平區,房地(土地+建物)+車位,育賢段61~90地號,22.5,住,,,10512,十五層,15,住宅大樓(11層含以上有電梯),住家用,鋼筋混凝土造,,0,156.27,3,2,2,有,無,7030000,48843,坡道平面,27.9,760000,,2(資料揭露)
太平區,房地(土地+建物)+車位,育賢段61~90地號,28.13,住,,,10605,五層,15,住宅大樓(11層含以上有電梯),住家用,鋼筋混凝土造,,0,192.64,4,2,2,有,無,8860000,48865,坡道平面,27.9,810000,,2(資料揭露)
太平區,房地(土地+建物)+車位,育賢段61~90地號,29.54,住,,,10603,六層,15,住宅大樓(11層含以上有電梯),住家用,鋼筋混凝土造,,0,197.22,4,2,2,有,無,9090000,48901,坡道平面,27.9,810000,,2(資料揭露)
太平區,房地(土地+建物)+車位,育賢段61~90地號,23.91,住,,,10601,五層,15,住宅大樓(11層含以上有電梯),住家用,鋼筋混凝土造,,0,161.22,3,2,2,有,無,7330000,48905,坡道平面,27.9,810000,,2(資料揭露)
太平區,房地(土地+建物)+車位,育賢段61~90地號,26.02,住,,,10504,四層,15,住宅大樓(11層含以上有電梯),住家用,鋼筋混凝土造,,0,186.36,3,2,2,有,無,8200000,48929,坡道平面,51.88,1620000,,2(資料揭露)
太平區,房地(土地+建物)+車位,育賢段61~90地號,23.21,住,,,10606,三層,15,住宅大樓(11層含以上有電梯),住家用,鋼筋混凝土造,,0,160.26,3,2,2,有,無,7290000,48957,坡道平面,27.9,810000,,2(資料揭露)
太平區,房地(土地+建物)+車位,育賢段61~90地號,22.5,住,,,10510,八層,15,住宅大樓(11層含以上有電梯),住家用,鋼筋混凝土造,,0,156.27,3,2,2,有,無,7050000,48999,坡道平面,27.9,760000,,2(資料揭露)
太平區,房地(土地+建物)+車位,育賢段61~90地號,22.5,住,,,10507,十層,15,住宅大樓(11層含以上有電梯),住家用,鋼筋混凝土造,,0,156.27,3,2,2,有,無,7100000,48999,坡道平面,27.9,810000,,2(資料揭露)
太平區,房地(土地+建物)+車位,育賢段61~90地號,22.5,住,,,10507,六層,15,住宅大樓(11層含以上有電梯),住家用,鋼筋混凝土造,,0,156.27,3,2,2,有,無,7100000,48999,坡道平面,27.9,810000,,2(資料揭露)
太平區,房地(土地+建物)+車位,育賢段61~90地號,28.13,住,,,10512,十四層,15,住宅大樓(11層含以上有電梯),住家用,鋼筋混凝土造,,0,193.95,4,2,2,有,無,8950000,49021,坡道平面,27.9,810000,,2(資料揭露)
太平區,房地(土地+建物)+車位,育賢段61~90地號,28.13,住,,,10606,十五層,15,住宅大樓(11層含以上有電梯),住家用,鋼筋混凝土造,,0,193.95,4,2,2,有,無,9000000,49021,坡道平面,27.9,860000,,2(資料揭露)
太平區,房地(土地+建物)+車位,育賢段61~90地號,22.5,住,,,10512,十二層,15,住宅大樓(11層含以上有電梯),住家用,鋼筋混凝土造,,0,156.27,3,2,2,有,無,7070000,49155,坡道平面,27.9,760000,,2(資料揭露)
太平區,房地(土地+建物)+車位,育賢段61~90地號,30.24,住,,,10603,九層,15,住宅大樓(11層含以上有電梯),住家用,鋼筋混凝土造,,0,225.12,4,2,2,有,無,9850000,49197,坡道平面,55.8,1520000,,2(資料揭露)
太平區,房地(土地+建物)+車位,育賢段61~90地號,28.13,住,,,10605,九層,15,住宅大樓(11層含以上有電梯),住家用,鋼筋混凝土造,,0,192.64,4,2,2,有,無,8920000,49229,坡道平面,27.9,810000,,2(資料揭露)
太平區,房地(土地+建物)+車位,育賢段61~90地號,23.21,住,,,10511,十五層,15,住宅大樓(11層含以上有電梯),住家用,鋼筋混凝土造,,0,160.26,3,2,2,有,無,7280000,49260,坡道平面,27.9,760000,,2(資料揭露)
太平區,房地(土地+建物)+車位,育賢段61~90地號,26.02,住,,,10604,二層,15,住宅大樓(11層含以上有電梯),住家用,鋼筋混凝土造,,0,186.36,3,2,2,有,無,8150000,49301,坡道平面,51.88,1520000,,2(資料揭露)
太平區,房地(土地+建物)+車位,育賢段61~90地號,22.5,住,,,10506,七層,15,住宅大樓(11層含以上有電梯),住家用,鋼筋混凝土造,,0,154.31,3,2,2,有,無,7050000,49311,坡道平面,25.94,720000,,2(資料揭露)
太平區,房地(土地+建物)+車位,育賢段61~90地號,23.91,住,,,10603,四層,15,住宅大樓(11層含以上有電梯),住家用,鋼筋混凝土造,,0,159.49,3,2,2,有,無,7250000,49320,坡道平面,27.9,760000,,2(資料揭露)
太平區,房地(土地+建物)+車位,育賢段61~90地號,28.13,住,,,10604,五層,15,住宅大樓(11層含以上有電梯),住家用,鋼筋混凝土造,,0,193.95,4,2,2,有,無,8950000,49322,坡道平面,27.9,760000,,2(資料揭露)
太平區,房地(土地+建物)+車位,育賢段61~90地號,22.5,住,,,10511,十二層,15,住宅大樓(11層含以上有電梯),住家用,鋼筋混凝土造,,0,156.93,3,2,2,有,無,7130000,49368,坡道平面,27.9,760000,,2(資料揭露)
太平區,房地(土地+建物)+車位,育賢段61~90地號,28.83,住,,,10605,十層,15,住宅大樓(11層含以上有電梯),住家用,鋼筋混凝土造,,0,221.85,4,2,2,有,無,9820000,49383,坡道平面,55.8,1620000,,2(資料揭露)
太平區,房地(土地+建物)+車位,育賢段61~90地號,22.5,住,,,10508,十一層,15,住宅大樓(11層含以上有電梯),住家用,鋼筋混凝土造,,0,156.27,3,2,2,有,無,7100000,49388,坡道平面,27.9,760000,,2(資料揭露)
太平區,房地(土地+建物)+車位,育賢段61~90地號,22.5,住,,,10512,五層,15,住宅大樓(11層含以上有電梯),住家用,鋼筋混凝土造,,0,156.27,3,2,2,有,無,7100000,49388,坡道平面,27.9,760000,,2(資料揭露)
太平區,房地(土地+建物)+車位,育賢段61~90地號,22.5,住,,,10509,九層,15,住宅大樓(11層含以上有電梯),住家用,鋼筋混凝土造,,0,156.27,3,2,2,有,無,7100000,49388,坡道平面,27.9,760000,,2(資料揭露)
太平區,房地(土地+建物)+車位,育賢段61~90地號,23.91,住,,,10604,六層,15,住宅大樓(11層含以上有電梯),住家用,鋼筋混凝土造,,0,161.22,3,2,2,有,無,7350000,49430,坡道平面,27.9,760000,,2(資料揭露)
太平區,房地(土地+建物)+車位,育賢段61~90地號,22.5,住,,,10508,十二層,15,住宅大樓(11層含以上有電梯),住家用,鋼筋混凝土造,,0,157.14,3,2,2,有,無,7150000,49443,坡道平面,27.9,760000,,2(資料揭露)
太平區,房地(土地+建物)+車位,育賢段61~90地號,23.91,住,,,10504,五層,15,住宅大樓(11層含以上有電梯),住家用,鋼筋混凝土造,,0,159.49,3,2,2,有,無,7320000,49472,坡道平面,27.9,810000,,2(資料揭露)
太平區,房地(土地+建物)+車位,育賢段61~90地號,28.13,住,,,10411,八層,15,住宅大樓(11層含以上有電梯),住家用,鋼筋混凝土造,,0,193.08,4,2,2,有,無,8940000,49522,坡道平面,27.9,760000,,2(資料揭露)
太平區,房地(土地+建物)+車位,育賢段61~90地號,29.54,住,,,10603,十二層,15,住宅大樓(11層含以上有電梯),住家用,鋼筋混凝土造,,0,197.22,4,2,2,有,無,9260000,49610,坡道平面,27.9,860000,,2(資料揭露)
太平區,房地(土地+建物)+車位,育賢段61~90地號,28.83,住,,,10605,八層,15,住宅大樓(11層含以上有電梯),住家用,鋼筋混凝土造,,0,220.54,4,2,2,有,無,9800000,49654,坡道平面,55.8,1620000,,2(資料揭露)
太平區,房地(土地+建物)+車位,育賢段61~90地號,25.32,住,,,10512,四層,15,住宅大樓(11層含以上有電梯),住家用,鋼筋混凝土造,,0,162.38,3,2,2,有,無,7450000,49747,坡道平面,27.9,760000,,2(資料揭露)
太平區,房地(土地+建物)+車位,育賢段61~90地號,22.5,住,,,10511,十三層,15,住宅大樓(11層含以上有電梯),住家用,鋼筋混凝土造,,0,156.27,3,2,2,有,無,7200000,49778,坡道平面,27.9,810000,,2(資料揭露)
太平區,房地(土地+建物)+車位,育賢段61~90地號,22.5,住,,,10408,五層,15,住宅大樓(11層含以上有電梯),住家用,鋼筋混凝土造,,0,156.27,3,2,2,有,無,7200000,49778,坡道平面,27.9,810000,,2(資料揭露)
太平區,房地(土地+建物)+車位,育賢段61~90地號,23.91,住,,,10602,十層,15,住宅大樓(11層含以上有電梯),住家用,鋼筋混凝土造,,0,161.22,3,2,2,有,無,7400000,49805,坡道平面,27.9,760000,,2(資料揭露)
太平區,房地(土地+建物)+車位,育賢段61~90地號,23.91,住,,,10605,十一層,15,住宅大樓(11層含以上有電梯),住家用,鋼筋混凝土造,,0,161.22,3,2,2,有,無,7400000,49805,坡道平面,27.9,760000,,2(資料揭露)
太平區,房地(土地+建物)+車位,育賢段61~90地號,22.5,住,,,10512,十三層,15,住宅大樓(11層含以上有電梯),住家用,鋼筋混凝土造,,0,157.14,3,2,2,有,無,7200000,49830,坡道平面,27.9,760000,,2(資料揭露)
太平區,房地(土地+建物)+車位,育賢段61~90地號,28.83,住,,,10606,十層,15,住宅大樓(11層含以上有電梯),住家用,鋼筋混凝土造,,0,216.62,4,2,2,有,無,9650000,49836,坡道平面,51.88,1440000,,2(資料揭露)
太平區,房地(土地+建物)+車位,育賢段61~90地號,23.21,住,,,10603,十三層,15,住宅大樓(11層含以上有電梯),住家用,鋼筋混凝土造,,0,161.13,3,2,2,有,無,7500000,49839,坡道平面,27.9,860000,,2(資料揭露)
太平區,房地(土地+建物)+車位,育賢段61~90地號,22.5,住,,,10510,十二層,15,住宅大樓(11層含以上有電梯),住家用,鋼筋混凝土造,,0,156.27,3,2,2,有,無,7160000,49856,坡道平面,27.9,760000,,2(資料揭露)
太平區,房地(土地+建物)+車位,育賢段61~90地號,22.5,住,,,10407,三層,15,住宅大樓(11層含以上有電梯),住家用,鋼筋混凝土造,,0,154.31,3,2,2,有,無,7160000,49856,坡道平面,25.94,760000,,2(資料揭露)
太平區,房地(土地+建物)+車位,育賢段61~90地號,22.5,住,,,10511,十三層,15,住宅大樓(11層含以上有電梯),住家用,鋼筋混凝土造,,0,156.93,3,2,2,有,無,7200000,49911,坡道平面,27.9,760000,,2(資料揭露)
太平區,房地(土地+建物)+車位,育賢段61~90地號,22.5,住,,,10606,八層,15,住宅大樓(11層含以上有電梯),住家用,鋼筋混凝土造,,0,156.93,3,2,2,有,無,7200000,49911,坡道平面,27.9,760000,,2(資料揭露)
太平區,房地(土地+建物)+車位,育賢段61~90地號,23.21,住,,,10607,三層,15,住宅大樓(11層含以上有電梯),住家用,鋼筋混凝土造,,0,161.13,3,2,2,有,無,7510000,49914,坡道平面,27.9,860000,,2(資料揭露)
太平區,房地(土地+建物)+車位,育賢段61~90地號,28.13,住,,,10509,八層,15,住宅大樓(11層含以上有電梯),住家用,鋼筋混凝土造,,0,193.95,4,2,2,有,無,9100000,49925,坡道平面,27.9,810000,,2(資料揭露)
太平區,房地(土地+建物)+車位,育賢段61~90地號,22.5,住,,,10512,十四層,15,住宅大樓(11層含以上有電梯),住家用,鋼筋混凝土造,,0,156.27,3,2,2,有,無,7180000,50012,坡道平面,27.9,760000,,2(資料揭露)
太平區,房地(土地+建物)+車位,育賢段61~90地號,28.83,住,,,10604,七層,15,住宅大樓(11層含以上有電梯),住家用,鋼筋混凝土造,,0,220.54,4,2,2,有,無,9860000,50018,坡道平面,55.8,1620000,,2(資料揭露)
太平區,房地(土地+建物)+車位,育賢段61~90地號,22.5,住,,,10405,三層,15,住宅大樓(11層含以上有電梯),住家用,鋼筋混凝土造,,0,156.93,3,2,2,有,無,7230000,50143,坡道平面,27.9,760000,,2(資料揭露)
太平區,房地(土地+建物)+車位,育賢段61~90地號,28.83,住,,,10605,十三層,15,住宅大樓(11層含以上有電梯),住家用,鋼筋混凝土造,,0,221.85,4,2,2,有,無,9950000,50166,坡道平面,55.8,1620000,,2(資料揭露)
太平區,房地(土地+建物)+車位,育賢段61~90地號,23.21,住,,,10605,八層,15,住宅大樓(11層含以上有電梯),住家用,鋼筋混凝土造,,0,158.3,3,2,2,有,無,7400000,50166,坡道平面,25.94,760000,,2(資料揭露)
太平區,房地(土地+建物)+車位,育賢段61~90地號,28.13,住,,,10604,九層,15,住宅大樓(11層含以上有電梯),住家用,鋼筋混凝土造,,0,193.95,4,2,2,有,無,9140000,50166,坡道平面,27.9,810000,,2(資料揭露)
太平區,房地(土地+建物)+車位,育賢段61~90地號,22.5,住,,,10406,十三層,15,住宅大樓(11層含以上有電梯),住家用,鋼筋混凝土造,,0,156.27,3,2,2,有,無,7300000,50167,坡道平面,27.9,860000,,2(資料揭露)
太平區,房地(土地+建物)+車位,育賢段61~90地號,23.91,住,,,10604,十三層,15,住宅大樓(11層含以上有電梯),住家用,鋼筋混凝土造,,0,161.22,3,2,2,有,無,7500000,50180,坡道平面,27.9,810000,,2(資料揭露)
太平區,房地(土地+建物)+車位,育賢段61~90地號,29.54,住,,,10607,七層,15,住宅大樓(11層含以上有電梯),住家用,鋼筋混凝土造,,0,197.22,4,2,2,有,無,9360000,50201,坡道平面,27.9,860000,,2(資料揭露)
太平區,房地(土地+建物)+車位,育賢段61~90地號,28.83,住,,,10512,六層,15,住宅大樓(11層含以上有電梯),住家用,鋼筋混凝土造,,0,221.85,4,2,2,有,無,10010000,50226,坡道平面,55.8,1670000,,2(資料揭露)
太平區,房地(土地+建物)+車位,育賢段61~90地號,23.21,住,,,10602,十一層,15,住宅大樓(11層含以上有電梯),住家用,鋼筋混凝土造,,0,161.13,3,2,2,有,無,7520000,50364,坡道平面,27.9,810000,,2(資料揭露)
太平區,房地(土地+建物)+車位,育賢段61~90地號,23.21,住,,,10606,七層,15,住宅大樓(11層含以上有電梯),住家用,鋼筋混凝土造,,0,160.26,3,2,2,有,無,7430000,50393,坡道平面,27.9,760000,,2(資料揭露)
太平區,房地(土地+建物)+車位,育賢段61~90地號,28.83,住,,,10605,十層,15,住宅大樓(11層含以上有電梯),住家用,鋼筋混凝土造,,0,221.85,4,2,2,有,無,10000000,50467,坡道平面,55.8,1620000,,2(資料揭露)
太平區,房地(土地+建物)+車位,育賢段61~90地號,25.32,住,,,10410,十三層,15,住宅大樓(11層含以上有電梯),住家用,鋼筋混凝土造,,0,162.38,3,2,2,有,無,7550000,50491,坡道平面,27.9,760000,,2(資料揭露)
太平區,房地(土地+建物)+車位,育賢段61~90地號,23.21,住,,,10602,十二層,15,住宅大樓(11層含以上有電梯),住家用,鋼筋混凝土造,,0,161.13,3,2,2,有,無,7540000,50514,坡道平面,27.9,810000,,2(資料揭露)
太平區,房地(土地+建物)+車位,育賢段61~90地號,28.13,住,,,10407,七層,15,住宅大樓(11層含以上有電梯),住家用,鋼筋混凝土造,,0,193.95,4,2,2,有,無,9200000,50527,坡道平面,27.9,810000,,2(資料揭露)
太平區,房地(土地+建物)+車位,育賢段61~90地號,23.91,住,,,10605,十四層,15,住宅大樓(11層含以上有電梯),住家用,鋼筋混凝土造,,0,161.22,3,2,2,有,無,7500000,50555,坡道平面,27.9,760000,,2(資料揭露)
太平區,房地(土地+建物)+車位,育賢段61~90地號,23.21,住,,,10507,九層,15,住宅大樓(11層含以上有電梯),住家用,鋼筋混凝土造,,0,161.13,3,2,2,有,無,7500000,50589,坡道平面,27.9,760000,,2(資料揭露)
太平區,房地(土地+建物)+車位,育賢段61~90地號,28.83,住,,,10603,九層,15,住宅大樓(11層含以上有電梯),住家用,鋼筋混凝土造,,0,220.98,4,2,2,有,無,9990000,50672,坡道平面,55.8,1620000,,2(資料揭露)
太平區,房地(土地+建物)+車位,育賢段61~90地號,30.24,住,,,10604,十四層,15,住宅大樓(11層含以上有電梯),住家用,鋼筋混凝土造,,0,225.12,4,2,2,有,無,10100000,50673,坡道平面,55.8,1520000,,2(資料揭露)
太平區,房地(土地+建物)+車位,育賢段61~90地號,30.24,住,,,10608,十一層,15,住宅大樓(11層含以上有電梯),住家用,鋼筋混凝土造,,0,225.12,4,2,2,有,無,10200000,50673,坡道平面,55.8,1620000,,2(資料揭露)
太平區,房地(土地+建物)+車位,育賢段61~90地號,30.24,住,,,10607,十一層,15,住宅大樓(11層含以上有電梯),住家用,鋼筋混凝土造,,0,225.12,4,2,2,有,無,10300000,50673,坡道平面,55.8,1720000,,2(資料揭露)
太平區,房地(土地+建物)+車位,育賢段61~90地號,28.83,住,,,10607,十層,15,住宅大樓(11層含以上有電梯),住家用,鋼筋混凝土造,,0,220.98,4,2,2,有,無,10000000,50733,坡道平面,55.8,1620000,,2(資料揭露)
太平區,房地(土地+建物)+車位,育賢段61~90地號,23.91,住,,,10605,十五層,15,住宅大樓(11層含以上有電梯),住家用,鋼筋混凝土造,,0,160.35,3,2,2,有,無,7480000,50736,坡道平面,27.9,760000,,2(資料揭露)
太平區,房地(土地+建物)+車位,育賢段61~90地號,28.13,住,,,10605,十二層,15,住宅大樓(11層含以上有電梯),住家用,鋼筋混凝土造,,0,193.95,4,2,2,有,無,9250000,50828,坡道平面,27.9,810000,,2(資料揭露)
太平區,房地(土地+建物)+車位,育賢段61~90地號,25.32,住,,,10606,四層,15,住宅大樓(11層含以上有電梯),住家用,鋼筋混凝土造,,0,163.68,3,2,2,有,無,7770000,50891,坡道平面,27.9,860000,,2(資料揭露)
太平區,房地(土地+建物)+車位,育賢段61~90地號,25.32,住,,,10511,十三層,15,住宅大樓(11層含以上有電梯),住家用,鋼筋混凝土造,,0,160.42,3,2,2,有,無,7570000,50937,坡道平面,25.94,720000,,2(資料揭露)
太平區,房地(土地+建物)+車位,育賢段61~90地號,22.5,住,,,10405,十層,15,住宅大樓(11層含以上有電梯),住家用,鋼筋混凝土造,,0,156.27,3,2,2,有,無,7300000,50946,坡道平面,27.9,760000,,2(資料揭露)
太平區,房地(土地+建物)+車位,育賢段61~90地號,28.83,住,,,10607,十四層,15,住宅大樓(11層含以上有電梯),住家用,鋼筋混凝土造,,0,221.85,4,2,2,有,無,10200000,51069,坡道平面,55.8,1720000,,2(資料揭露)
太平區,房地(土地+建物)+車位,育賢段61~90地號,25.32,住,,,10606,三層,15,住宅大樓(11層含以上有電梯),住家用,鋼筋混凝土造,,0,164.56,3,2,2,有,無,7740000,51076,坡道平面,27.9,760000,,2(資料揭露)
太平區,房地(土地+建物)+車位,育賢段61~90地號,25.32,住,,,10509,三層,15,住宅大樓(11層含以上有電梯),住家用,鋼筋混凝土造,,0,162.38,3,2,2,有,無,7680000,51086,坡道平面,27.9,810000,,2(資料揭露)
太平區,房地(土地+建物)+車位,育賢段61~90地號,25.32,住,,,10605,三層,15,住宅大樓(11層含以上有電梯),住家用,鋼筋混凝土造,,0,163.68,3,2,2,有,無,7800000,51112,坡道平面,27.9,860000,,2(資料揭露)
太平區,房地(土地+建物)+車位,育賢段61~90地號,23.91,住,,,10606,十層,15,住宅大樓(11層含以上有電梯),住家用,鋼筋混凝土造,,0,188.16,3,2,2,有,無,8390000,51148,坡道平面,55.8,1620000,,2(資料揭露)
太平區,房地(土地+建物)+車位,育賢段61~90地號,25.32,住,,,10604,十三層,15,住宅大樓(11層含以上有電梯),住家用,鋼筋混凝土造,,0,164.56,3,2,2,有,無,7750000,51149,坡道平面,27.9,760000,,2(資料揭露)
太平區,房地(土地+建物)+車位,育賢段61~90地號,23.91,住,,,10507,五層,15,住宅大樓(11層含以上有電梯),住家用,鋼筋混凝土造,,0,160.35,3,2,2,有,無,7600000,51265,坡道平面,27.9,810000,,2(資料揭露)
太平區,房地(土地+建物)+車位,育賢段61~90地號,23.21,住,,,10606,六層,15,住宅大樓(11層含以上有電梯),住家用,鋼筋混凝土造,,0,160.26,3,2,2,有,無,7600000,51299,坡道平面,27.9,810000,,2(資料揭露)
太平區,房地(土地+建物)+車位,育賢段61~90地號,25.32,住,,,10605,十三層,15,住宅大樓(11層含以上有電梯),住家用,鋼筋混凝土造,,0,163.68,3,2,2,有,無,7850000,51480,坡道平面,27.9,860000,,2(資料揭露)
太平區,房地(土地+建物)+車位,育賢段61~90地號,23.91,住,,,10509,六層,15,住宅大樓(11層含以上有電梯),住家用,鋼筋混凝土造,,0,160.35,3,2,2,有,無,7630000,51491,坡道平面,27.9,810000,,2(資料揭露)
太平區,房地(土地+建物)+車位,育賢段61~90地號,25.32,住,,,10511,六層,15,住宅大樓(11層含以上有電梯),住家用,鋼筋混凝土造,,0,164.56,3,2,2,有,無,7850000,51515,坡道平面,27.9,810000,,2(資料揭露)
太平區,房地(土地+建物)+車位,育賢段61~90地號,23.21,住,,,10607,五層,15,住宅大樓(11層含以上有電梯),住家用,鋼筋混凝土造,,0,158.3,3,2,2,有,無,7580000,51526,坡道平面,25.94,760000,,2(資料揭露)
太平區,房地(土地+建物)+車位,育賢段61~90地號,25.32,住,,,10507,三層,15,住宅大樓(11層含以上有電梯),住家用,鋼筋混凝土造,,0,162.38,3,2,2,有,無,7750000,51606,坡道平面,27.9,810000,,2(資料揭露)
太平區,房地(土地+建物)+車位,育賢段61~90地號,23.21,住,,,10408,十四層,15,住宅大樓(11層含以上有電梯),住家用,鋼筋混凝土造,,0,159.17,3,2,2,有,無,7610000,51715,坡道平面,25.94,720000,,2(資料揭露)
太平區,房地(土地+建物)+車位,育賢段61~90地號,24.61,住,,,10604,十一層,15,住宅大樓(11層含以上有電梯),住家用,鋼筋混凝土造,,0,188.25,3,2,2,有,無,8540000,51869,坡道平面,55.8,1670000,,2(資料揭露)
太平區,房地(土地+建物)+車位,育賢段61~90地號,29.54,住,,,10405,五層,15,住宅大樓(11層含以上有電梯),住家用,鋼筋混凝土造,,0,197.22,4,2,2,有,無,9600000,51914,坡道平面,27.9,810000,,2(資料揭露)
太平區,房地(土地+建物)+車位,育賢段61~90地號,23.91,住,,,10506,七層,15,住宅大樓(11層含以上有電梯),住家用,鋼筋混凝土造,,0,160.35,3,2,2,有,無,7700000,52020,坡道平面,27.9,810000,,2(資料揭露)
太平區,房地(土地+建物)+車位,育賢段61~90地號,23.21,住,,,10405,七層,15,住宅大樓(11層含以上有電梯),住家用,鋼筋混凝土造,,0,161.13,3,2,2,有,無,7700000,52090,坡道平面,27.9,760000,,2(資料揭露)
太平區,房地(土地+建物)+車位,育賢段61~90地號,23.91,住,,,10411,十一層,15,住宅大樓(11層含以上有電梯),住家用,鋼筋混凝土造,,0,158.84,3,2,2,有,無,7650000,52238,坡道平面,27.9,810000,,2(資料揭露)
太平區,房地(土地+建物)+車位,育賢段61~90地號,23.91,住,,,10509,十層,15,住宅大樓(11層含以上有電梯),住家用,鋼筋混凝土造,,0,160.35,3,2,2,有,無,7680000,52246,坡道平面,27.9,760000,,2(資料揭露)
太平區,房地(土地+建物)+車位,育賢段61~90地號,25.32,住,,,10506,八層,15,住宅大樓(11層含以上有電梯),住家用,鋼筋混凝土造,,0,164.56,3,2,2,有,無,7950000,52246,坡道平面,27.9,810000,,2(資料揭露)
太平區,房地(土地+建物)+車位,育賢段61~90地號,25.32,住,,,10505,十層,15,住宅大樓(11層含以上有電梯),住家用,鋼筋混凝土造,,0,162.38,3,2,2,有,無,7900000,52350,坡道平面,27.9,860000,,2(資料揭露)
太平區,房地(土地+建物)+車位,育賢段61~90地號,23.91,住,,,10410,六層,15,住宅大樓(11層含以上有電梯),住家用,鋼筋混凝土造,,0,159.49,3,2,2,有,無,7650000,52360,坡道平面,27.9,760000,,2(資料揭露)
太平區,房地(土地+建物)+車位,育賢段61~90地號,23.21,住,,,10406,十三層,15,住宅大樓(11層含以上有電梯),住家用,鋼筋混凝土造,,0,160.26,3,2,2,有,無,7800000,52433,坡道平面,27.9,860000,,2(資料揭露)
太平區,房地(土地+建物)+車位,育賢段61~90地號,30.24,住,,,10406,十三層,15,住宅大樓(11層含以上有電梯),住家用,鋼筋混凝土造,,0,225.12,4,2,2,有,無,10600000,52445,坡道平面,55.8,1720000,,2(資料揭露)
太平區,房地(土地+建物)+車位,育賢段61~90地號,30.24,住,,,10406,十三層,15,住宅大樓(11層含以上有電梯),住家用,鋼筋混凝土造,,0,225.12,4,2,2,有,無,10600000,52445,坡道平面,55.8,1720000,,2(資料揭露)
太平區,房地(土地+建物)+車位,育賢段61~90地號,25.32,住,,,10508,七層,15,住宅大樓(11層含以上有電梯),住家用,鋼筋混凝土造,,0,163.68,3,2,2,有,無,7890000,52511,坡道平面,27.9,760000,,2(資料揭露)
太平區,房地(土地+建物)+車位,育賢段61~90地號,23.91,住,,,10506,十二層,15,住宅大樓(11層含以上有電梯),住家用,鋼筋混凝土造,,0,159.49,3,2,2,有,無,7730000,52588,坡道平面,27.9,810000,,2(資料揭露)
太平區,房地(土地+建物)+車位,育賢段61~90地號,25.32,住,,,10508,十一層,15,住宅大樓(11層含以上有電梯),住家用,鋼筋混凝土造,,0,164.56,3,2,2,有,無,8000000,52612,坡道平面,27.9,810000,,2(資料揭露)
太平區,房地(土地+建物)+車位,育賢段61~90地號,23.91,住,,,10406,八層,15,住宅大樓(11層含以上有電梯),住家用,鋼筋混凝土造,,0,158.84,3,2,2,有,無,7700000,52620,坡道平面,27.9,810000,,2(資料揭露)
太平區,房地(土地+建物)+車位,育賢段61~90地號,23.91,住,,,10505,十層,15,住宅大樓(11層含以上有電梯),住家用,鋼筋混凝土造,,0,158.84,3,2,2,有,無,7650000,52620,坡道平面,27.9,760000,,2(資料揭露)
太平區,房地(土地+建物)+車位,育賢段61~90地號,23.91,住,,,10605,十二層,15,住宅大樓(11層含以上有電梯),住家用,鋼筋混凝土造,,0,160.35,3,2,2,有,無,7730000,52624,坡道平面,27.9,760000,,2(資料揭露)
太平區,房地(土地+建物)+車位,育賢段61~90地號,26.02,住,,,10501,七層,15,住宅大樓(11層含以上有電梯),住家用,鋼筋混凝土造,,0,190.28,3,2,2,有,無,8800000,52647,坡道平面,55.8,1720000,,2(資料揭露)
太平區,房地(土地+建物)+車位,育賢段61~90地號,23.21,住,,,10607,十四層,15,住宅大樓(11層含以上有電梯),住家用,鋼筋混凝土造,,0,160.26,3,2,2,有,無,7730000,52659,坡道平面,27.9,760000,,2(資料揭露)
太平區,房地(土地+建物)+車位,育賢段61~90地號,25.32,住,,,10501,六層,15,住宅大樓(11層含以上有電梯),住家用,鋼筋混凝土造,,0,162.38,3,2,2,有,無,7850000,52722,坡道平面,27.9,760000,,2(資料揭露)
太平區,房地(土地+建物)+車位,育賢段61~90地號,25.32,住,,,10504,六層,15,住宅大樓(11層含以上有電梯),住家用,鋼筋混凝土造,,0,162.38,3,2,2,有,無,7850000,52722,坡道平面,27.9,760000,,2(資料揭露)
太平區,房地(土地+建物)+車位,育賢段61~90地號,25.32,住,,,10508,十一層,15,住宅大樓(11層含以上有電梯),住家用,鋼筋混凝土造,,0,163.68,3,2,2,有,無,7980000,52806,坡道平面,27.9,810000,,2(資料揭露)
太平區,房地(土地+建物)+車位,育賢段61~90地號,25.32,住,,,10407,六層,15,住宅大樓(11層含以上有電梯),住家用,鋼筋混凝土造,,0,163.68,3,2,2,有,無,8000000,52953,坡道平面,27.9,810000,,2(資料揭露)
太平區,房地(土地+建物)+車位,育賢段61~90地號,23.91,住,,,10406,十層,15,住宅大樓(11層含以上有電梯),住家用,鋼筋混凝土造,,0,159.49,3,2,2,有,無,7830000,52968,坡道平面,27.9,860000,,2(資料揭露)
太平區,房地(土地+建物)+車位,育賢段61~90地號,23.91,住,,,10406,七層,15,住宅大樓(11層含以上有電梯),住家用,鋼筋混凝土造,,0,158.84,3,2,2,有,無,7700000,53001,坡道平面,27.9,760000,,2(資料揭露)
太平區,房地(土地+建物)+車位,育賢段61~90地號,25.32,住,,,10405,五層,15,住宅大樓(11層含以上有電梯),住家用,鋼筋混凝土造,,0,162.38,3,2,2,有,無,8000000,53093,坡道平面,27.9,860000,,2(資料揭露)
太平區,房地(土地+建物)+車位,育賢段61~90地號,23.91,住,,,10504,十一層,15,住宅大樓(11層含以上有電梯),住家用,鋼筋混凝土造,,0,159.49,3,2,2,有,無,7850000,53120,坡道平面,27.9,860000,,2(資料揭露)
太平區,房地(土地+建物)+車位,育賢段61~90地號,23.91,住,,,10605,十三層,15,住宅大樓(11層含以上有電梯),住家用,鋼筋混凝土造,,0,160.35,3,2,2,有,無,7850000,53152,坡道平面,27.9,810000,,2(資料揭露)
太平區,房地(土地+建物)+車位,育賢段61~90地號,23.91,住,,,10405,七層,15,住宅大樓(11層含以上有電梯),住家用,鋼筋混凝土造,,0,159.49,3,2,2,有,無,7770000,53272,坡道平面,27.9,760000,,2(資料揭露)
太平區,房地(土地+建物)+車位,育賢段61~90地號,23.91,住,,,10405,八層,15,住宅大樓(11層含以上有電梯),住家用,鋼筋混凝土造,,0,159.49,3,2,2,有,無,7770000,53272,坡道平面,27.9,760000,,2(資料揭露)
太平區,房地(土地+建物)+車位,育賢段61~90地號,23.91,住,,,10406,十二層,15,住宅大樓(11層含以上有電梯),住家用,鋼筋混凝土造,,0,158.84,3,2,2,有,無,7750000,53383,坡道平面,27.9,760000,,2(資料揭露)
太平區,房地(土地+建物)+車位,育賢段61~90地號,23.91,住,,,10406,九層,15,住宅大樓(11層含以上有電梯),住家用,鋼筋混凝土造,,0,158.84,3,2,2,有,無,7800000,53383,坡道平面,27.9,810000,,2(資料揭露)
太平區,房地(土地+建物)+車位,育賢段61~90地號,25.32,住,,,10405,五層,15,住宅大樓(11層含以上有電梯),住家用,鋼筋混凝土造,,0,162.38,3,2,2,有,無,8100000,53837,坡道平面,27.9,860000,,2(資料揭露)
太平區,房地(土地+建物)+車位,育賢段61~90地號,25.32,住,,,10405,八層,15,住宅大樓(11層含以上有電梯),住家用,鋼筋混凝土造,,0,162.38,3,2,2,有,無,8090000,54134,坡道平面,27.9,810000,,2(資料揭露)
太平區,房地(土地+建物)+車位,育賢段61~90地號,25.32,住,,,10405,八層,15,住宅大樓(11層含以上有電梯),住家用,鋼筋混凝土造,,0,162.38,3,2,2,有,無,8100000,54209,坡道平面,27.9,810000,,2(資料揭露)
太平區,房地(土地+建物)+車位,育賢段61~90地號,25.32,住,,,10406,十二層,15,住宅大樓(11層含以上有電梯),住家用,鋼筋混凝土造,,0,163.68,3,2,2,有,無,8220000,54574,坡道平面,27.9,810000,,2(資料揭露)
太平區,房地(土地+建物)+車位,育賢段61~90地號,25.32,住,,,10406,十二層,15,住宅大樓(11層含以上有電梯),住家用,鋼筋混凝土造,,0,162.38,3,2,2,有,無,8180000,54804,坡道平面,27.9,810000,,2(資料揭露)
太平區,房地(土地+建物)+車位,育賢段61~90地號,24.61,住,,,10604,七層,15,住宅大樓(11層含以上有電梯),住家用,鋼筋混凝土造,,0,161.22,3,2,2,有,無,8300000,63366,坡道平面,55.8,1620000,,2(資料揭露)
太平區,房地(土地+建物)+車位,育賢段61~90地號,26.02,住,,,10406,十層,15,住宅大樓(11層含以上有電梯),住家用,鋼筋混凝土造,,0,163.68,3,2,2,有,無,9000000,68409,坡道平面,55.8,1620000,,2(資料揭露)
太平區,房地(土地+建物)+車位,育賢段61~90地號,27.43,住,,,10501,一層,15,住宅大樓(11層含以上有電梯),住家用,鋼筋混凝土造,,0,185.72,0,0,0,無,無,12500000,82974,坡道平面,55.8,1720000,,2(資料揭露)
太平區,房地(土地+建物)+車位,育賢段61~90地號,23.91,住,,,10606,一層,15,住宅大樓(11層含以上有電梯),住家用,鋼筋混凝土造,,0,173.37,0,0,0,無,無,11820000,87607,坡道平面,55.8,1520000,,2(資料揭露)
太平區,房地(土地+建物)+車位,育賢段61~90地號,23.91,住,,,10408,一層,15,住宅大樓(11層含以上有電梯),住家用,鋼筋混凝土造,,0,171.81,0,0,0,無,無,13880000,90473,坡道平面,27.9,860000,,2(資料揭露)
太平區,房地(土地+建物)+車位,育賢段61~90地號,22.5,住,,,10504,一層,15,住宅大樓(11層含以上有電梯),住家用,鋼筋混凝土造,,0,142.57,0,0,0,無,無,11500000,92788,坡道平面,27.9,860000,,2(資料揭露)
太平區,房地(土地+建物)+車位,育賢段61~90地號,28.83,住,,,10405,一層,15,住宅大樓(11層含以上有電梯),住家用,鋼筋混凝土造,,0,193.79,0,0,0,無,無,14600000,93340,坡道平面,55.8,1720000,,2(資料揭露)
太平區,房地(土地+建物)+車位,育賢段61~90地號,27.43,住,,,10406,一層,15,住宅大樓(11層含以上有電梯),住家用,鋼筋混凝土造,,0,201.13,0,0,0,無,無,15590000,95438,坡道平面,55.8,1720000,,2(資料揭露)
太平區,房地(土地+建物)+車位,育賢段61~90地號,28.13,住,,,10606,一層,15,住宅大樓(11層含以上有電梯),住家用,鋼筋混凝土造,,0,229.03,0,0,0,無,無,18200000,107480,坡道平面,83.7,2580000,,2(資料揭露)